tile_id,specimen,tissue,scale,masked,frame,unit,band,x,y,w,h
A_row0_col2_5x5,A,brain,5x5,False,A_p0,A_p0_u7,1,3020,0,1510,1661
A_row0_col3_5x5,A,brain,5x5,False,A_p0,A_p0_u11,2,4530,0,1510,1661
A_row0_col6_10x10,A,brain,10x10,False,A_p0,A_p0_u11,2,4530,0,755,830
A_row1_col1_5x5,A,brain,5x5,False,A_p0,A_p0_u6,1,1510,1661,1510,1661
A_row1_col2_5x5,A,brain,5x5,False,A_p0,A_p0_u8,1,3020,1661,1510,1661
A_row1_col3_5x5,A,brain,5x5,False,A_p0,A_p0_u12,2,4530,1661,1510,1661
A_row1_col4_10x10,A,brain,10x10,False,A_p0,A_p0_u7,1,3020,830,755,830
A_row1_col4_5x5,A,brain,5x5,False,A_p0,A_p0_u20,4,6040,1661,1510,1661
A_row1_col5_10x10,A,brain,10x10,False,A_p0,A_p0_u7,1,3775,830,755,830
A_row1_col5_5x5,A,brain,5x5,False,A_p0,A_p0_u27,4,7550,1661,1510,1661
A_row1_col6_10x10,A,brain,10x10,False,A_p0,A_p0_u11,2,4530,830,755,830
A_row1_col7_10x10,A,brain,10x10,False,A_p0,A_p0_u11,2,5285,830,755,830
A_row1_col8_10x10,A,brain,10x10,False,A_p0,A_p0_u16,3,6040,830,755,830
A_row1_col9_10x10,A,brain,10x10,False,A_p0,A_p0_u22,4,6795,830,755,830
A_row2_col0_5x5,A,brain,5x5,False,A_p0,A_p0_u0,0,0,3322,1510,1661
A_row2_col1_5x5,A,brain,5x5,False,A_p0,A_p0_u3,0,1510,3322,1510,1661
A_row2_col2_5x5,A,brain,5x5,False,A_p0,A_p0_u9,1,3020,3322,1510,1661
A_row2_col3_10x10,A,brain,10x10,False,A_p0,A_p0_u6,1,2265,1660,755,830
A_row2_col3_5x5,A,brain,5x5,False,A_p0,A_p0_u13,3,4530,3322,1510,1661
A_row2_col4_10x10,A,brain,10x10,False,A_p0,A_p0_u8,1,3020,1660,755,830
A_row2_col5_10x10,A,brain,10x10,False,A_p0,A_p0_u8,1,3775,1660,755,830
A_row2_col6_10x10,A,brain,10x10,False,A_p0,A_p0_u12,2,4530,1660,755,830
A_row2_col7_10x10,A,brain,10x10,False,A_p0,A_p0_u12,2,5285,1660,755,830
A_row2_col8_10x10,A,brain,10x10,False,A_p0,A_p0_u20,4,6040,1660,755,830
A_row3_col10_10x10,A,brain,10x10,False,A_p0,A_p0_u27,4,7550,2490,755,830
A_row3_col1_5x5,A,brain,5x5,False,A_p0,A_p0_u4,0,1510,4983,1510,1661
A_row3_col2_10x10,A,brain,10x10,False,A_p0,A_p0_u6,1,1510,2490,755,830
A_row3_col2_5x5,A,brain,5x5,False,A_p0,A_p0_u10,2,3020,4983,1510,1661
A_row3_col3_10x10,A,brain,10x10,False,A_p0,A_p0_u6,1,2265,2490,755,830
A_row3_col3_5x5,A,brain,5x5,False,A_p0,A_p0_u14,3,4530,4983,1510,1661
A_row3_col4_10x10,A,brain,10x10,False,A_p0,A_p0_u8,1,3020,2490,755,830
A_row3_col4_5x5,A,brain,5x5,False,A_p0,A_p0_u21,4,6040,4983,1510,1661
A_row3_col5_10x10,A,brain,10x10,False,A_p0,A_p0_u8,1,3775,2490,755,830
A_row3_col5_5x5,A,brain,5x5,False,A_p0,A_p0_u28,4,7550,4983,1510,1661
A_row3_col6_10x10,A,brain,10x10,False,A_p0,A_p0_u12,2,4530,2490,755,830
A_row3_col7_10x10,A,brain,10x10,False,A_p0,A_p0_u12,2,5285,2490,755,830
A_row3_col8_10x10,A,brain,10x10,False,A_p0,A_p0_u20,4,6040,2490,755,830
A_row4_col10_10x10,A,brain,10x10,False,A_p0,A_p0_u24,4,7550,3320,755,830
A_row4_col1_10x10,A,brain,10x10,False,A_p0,A_p0_u0,0,755,3320,755,830
A_row4_col1_5x5,A,brain,5x5,False,A_p0,A_p0_u5,0,1510,6644,1510,1661
A_row4_col2_10x10,A,brain,10x10,False,A_p0,A_p0_u3,0,1510,3320,755,830
A_row4_col3_10x10,A,brain,10x10,False,A_p0,A_p0_u3,0,2265,3320,755,830
A_row4_col4_10x10,A,brain,10x10,False,A_p0,A_p0_u9,1,3020,3320,755,830
A_row4_col5_10x10,A,brain,10x10,False,A_p0,A_p0_u9,1,3775,3320,755,830
A_row4_col6_10x10,A,brain,10x10,False,A_p0,A_p0_u13,3,4530,3320,755,830
A_row4_col7_10x10,A,brain,10x10,False,A_p0,A_p0_u13,3,5285,3320,755,830
A_row4_col8_10x10,A,brain,10x10,False,A_p0,A_p0_u17,3,6040,3320,755,830
A_row5_col10_10x10,A,brain,10x10,False,A_p0,A_p0_u25,4,7550,4150,755,830
A_row5_col2_10x10,A,brain,10x10,False,A_p0,A_p0_u3,0,1510,4150,755,830
A_row5_col3_10x10,A,brain,10x10,False,A_p0,A_p0_u3,0,2265,4150,755,830
A_row5_col4_10x10,A,brain,10x10,False,A_p0,A_p0_u9,1,3020,4150,755,830
A_row5_col5_10x10,A,brain,10x10,False,A_p0,A_p0_u9,1,3775,4150,755,830
A_row5_col6_10x10,A,brain,10x10,False,A_p0,A_p0_u13,3,4530,4150,755,830
A_row5_col7_10x10,A,brain,10x10,False,A_p0,A_p0_u13,3,5285,4150,755,830
A_row5_col8_10x10,A,brain,10x10,False,A_p0,A_p0_u18,3,6040,4150,755,830
A_row5_col9_10x10,A,brain,10x10,False,A_p0,A_p0_u23,4,6795,4150,755,830
A_row6_col1_10x10,A,brain,10x10,False,A_p0,A_p0_u1,0,755,4980,755,830
A_row6_col2_10x10,A,brain,10x10,False,A_p0,A_p0_u4,0,1510,4980,755,830
A_row6_col3_10x10,A,brain,10x10,False,A_p0,A_p0_u4,0,2265,4980,755,830
A_row6_col4_10x10,A,brain,10x10,False,A_p0,A_p0_u10,2,3020,4980,755,830
A_row6_col5_10x10,A,brain,10x10,False,A_p0,A_p0_u10,2,3775,4980,755,830
A_row6_col6_10x10,A,brain,10x10,False,A_p0,A_p0_u14,3,4530,4980,755,830
A_row6_col7_10x10,A,brain,10x10,False,A_p0,A_p0_u14,3,5285,4980,755,830
A_row6_col8_10x10,A,brain,10x10,False,A_p0,A_p0_u21,4,6040,4980,755,830
A_row6_col9_10x10,A,brain,10x10,False,A_p0,A_p0_u21,4,6795,4980,755,830
A_row7_col10_10x10,A,brain,10x10,False,A_p0,A_p0_u28,4,7550,5810,755,830
A_row7_col1_10x10,A,brain,10x10,False,A_p0,A_p0_u2,0,755,5810,755,830
A_row7_col2_10x10,A,brain,10x10,False,A_p0,A_p0_u4,0,1510,5810,755,830
A_row7_col3_10x10,A,brain,10x10,False,A_p0,A_p0_u4,0,2265,5810,755,830
A_row7_col4_10x10,A,brain,10x10,False,A_p0,A_p0_u10,2,3020,5810,755,830
A_row7_col5_10x10,A,brain,10x10,False,A_p0,A_p0_u10,2,3775,5810,755,830
A_row7_col6_10x10,A,brain,10x10,False,A_p0,A_p0_u14,3,4530,5810,755,830
A_row7_col7_10x10,A,brain,10x10,False,A_p0,A_p0_u14,3,5285,5810,755,830
A_row7_col8_10x10,A,brain,10x10,False,A_p0,A_p0_u21,4,6040,5810,755,830
A_row8_col10_10x10,A,brain,10x10,False,A_p0,A_p0_u26,4,7550,6640,755,830
A_row8_col2_10x10,A,brain,10x10,False,A_p0,A_p0_u5,0,1510,6640,755,830
A_row8_col3_10x10,A,brain,10x10,False,A_p0,A_p0_u5,0,2265,6640,755,830
A_row8_col7_10x10,A,brain,10x10,False,A_p0,A_p0_u15,3,5285,6640,755,830
A_row8_col8_10x10,A,brain,10x10,False,A_p0,A_p0_u19,3,6040,6640,755,830
B_row0_col3_10x10,B,heart,10x10,False,B_p0,B_p0_u0,0,2235,0,745,559
B_row10_col1_10x10,B,heart,10x10,False,B_p0,B_p0_u17,4,745,5590,745,559
B_row10_col2_10x10,B,heart,10x10,False,B_p0,B_p0_u18,4,1490,5590,745,559
B_row10_col3_10x10,B,heart,10x10,False,B_p0,B_p0_u18,4,2235,5590,745,559
B_row10_col4_10x10,B,heart,10x10,False,B_p0,B_p0_u16,4,2980,5590,745,559
B_row11_col2_10x10,B,heart,10x10,False,B_p0,B_p0_u18,4,1490,6149,745,559
B_row11_col3_10x10,B,heart,10x10,False,B_p0,B_p0_u18,4,2235,6149,745,559
B_row1_col1_5x5,B,heart,5x5,False,B_p0,B_p0_u2,0,1491,1118,1491,1118
B_row1_col2_5x5,B,heart,5x5,False,B_p0,B_p0_u1,0,2982,1118,1491,1118
B_row2_col0_5x5,B,heart,5x5,False,B_p0,B_p0_u6,1,0,2236,1491,1118
B_row2_col1_5x5,B,heart,5x5,False,B_p0,B_p0_u4,0,1491,2236,1491,1118
B_row2_col2_5x5,B,heart,5x5,False,B_p0,B_p0_u5,1,2982,2236,1491,1118
B_row3_col0_5x5,B,heart,5x5,False,B_p0,B_p0_u9,2,0,3354,1491,1118
B_row3_col1_10x10,B,heart,10x10,False,B_p0,B_p0_u3,0,745,1677,745,559
B_row3_col1_5x5,B,heart,5x5,False,B_p0,B_p0_u10,2,1491,3354,1491,1118
B_row3_col2_10x10,B,heart,10x10,False,B_p0,B_p0_u2,0,1490,1677,745,559
B_row3_col2_5x5,B,heart,5x5,False,B_p0,B_p0_u11,3,2982,3354,1491,1118
B_row3_col3_10x10,B,heart,10x10,False,B_p0,B_p0_u2,0,2235,1677,745,559
B_row3_col4_10x10,B,heart,10x10,False,B_p0,B_p0_u1,0,2980,1677,745,559
B_row4_col0_5x5,B,heart,5x5,False,B_p0,B_p0_u13,3,0,4472,1491,1118
B_row4_col1_10x10,B,heart,10x10,False,B_p0,B_p0_u6,1,745,2236,745,559
B_row4_col1_5x5,B,heart,5x5,False,B_p0,B_p0_u14,3,1491,4472,1491,1118
B_row4_col2_10x10,B,heart,10x10,False,B_p0,B_p0_u4,0,1490,2236,745,559
B_row4_col3_10x10,B,heart,10x10,False,B_p0,B_p0_u4,0,2235,2236,745,559
B_row4_col4_10x10,B,heart,10x10,False,B_p0,B_p0_u5,1,2980,2236,745,559
B_row4_col5_10x10,B,heart,10x10,False,B_p0,B_p0_u5,1,3725,2236,745,559
B_row5_col0_10x10,B,heart,10x10,False,B_p0,B_p0_u6,1,0,2795,745,559
B_row5_col0_5x5,B,heart,5x5,False,B_p0,B_p0_u17,4,0,5590,1491,1118
B_row5_col1_10x10,B,heart,10x10,False,B_p0,B_p0_u6,1,745,2795,745,559
B_row5_col1_5x5,B,heart,5x5,False,B_p0,B_p0_u18,4,1491,5590,1491,1118
B_row5_col2_10x10,B,heart,10x10,False,B_p0,B_p0_u4,0,1490,2795,745,559
B_row5_col3_10x10,B,heart,10x10,False,B_p0,B_p0_u4,0,2235,2795,745,559
B_row5_col4_10x10,B,heart,10x10,False,B_p0,B_p0_u5,1,2980,2795,745,559
B_row5_col5_10x10,B,heart,10x10,False,B_p0,B_p0_u5,1,3725,2795,745,559
B_row5_col6_10x10,B,heart,10x10,False,B_p0,B_p0_u7,1,4470,2795,745,559
B_row6_col0_10x10,B,heart,10x10,False,B_p0,B_p0_u9,2,0,3354,745,559
B_row6_col1_10x10,B,heart,10x10,False,B_p0,B_p0_u9,2,745,3354,745,559
B_row6_col2_10x10,B,heart,10x10,False,B_p0,B_p0_u10,2,1490,3354,745,559
B_row6_col3_10x10,B,heart,10x10,False,B_p0,B_p0_u10,2,2235,3354,745,559
B_row6_col4_10x10,B,heart,10x10,False,B_p0,B_p0_u11,3,2980,3354,745,559
B_row6_col6_10x10,B,heart,10x10,False,B_p0,B_p0_u8,2,4470,3354,745,559
B_row7_col0_10x10,B,heart,10x10,False,B_p0,B_p0_u9,2,0,3913,745,559
B_row7_col1_10x10,B,heart,10x10,False,B_p0,B_p0_u9,2,745,3913,745,559
B_row7_col2_10x10,B,heart,10x10,False,B_p0,B_p0_u10,2,1490,3913,745,559
B_row7_col3_10x10,B,heart,10x10,False,B_p0,B_p0_u10,2,2235,3913,745,559
B_row7_col4_10x10,B,heart,10x10,False,B_p0,B_p0_u11,3,2980,3913,745,559
B_row7_col5_10x10,B,heart,10x10,False,B_p0,B_p0_u11,3,3725,3913,745,559
B_row8_col1_10x10,B,heart,10x10,False,B_p0,B_p0_u13,3,745,4472,745,559
B_row8_col2_10x10,B,heart,10x10,False,B_p0,B_p0_u14,3,1490,4472,745,559
B_row8_col3_10x10,B,heart,10x10,False,B_p0,B_p0_u14,3,2235,4472,745,559
B_row8_col4_10x10,B,heart,10x10,False,B_p0,B_p0_u12,3,2980,4472,745,559
B_row9_col1_10x10,B,heart,10x10,False,B_p0,B_p0_u13,3,745,5031,745,559
B_row9_col2_10x10,B,heart,10x10,False,B_p0,B_p0_u14,3,1490,5031,745,559
B_row9_col3_10x10,B,heart,10x10,False,B_p0,B_p0_u14,3,2235,5031,745,559
B_row9_col4_10x10,B,heart,10x10,False,B_p0,B_p0_u15,4,2980,5031,745,559
C_row0_col10_10x10,C,heart,10x10,False,C_p0,C_p0_u13,3,6530,0,653,922
C_row0_col1_5x5,C,heart,5x5,False,C_p0,C_p0_u2,0,1307,0,1307,1844
C_row0_col2_5x5,C,heart,5x5,False,C_p0,C_p0_u6,2,2614,0,1307,1844
C_row0_col3_5x5,C,heart,5x5,False,C_p0,C_p0_u9,2,3921,0,1307,1844
C_row0_col4_5x5,C,heart,5x5,False,C_p0,C_p0_u10,3,5228,0,1307,1844
C_row0_col5_10x10,C,heart,10x10,False,C_p0,C_p0_u6,2,3265,0,653,922
C_row0_col5_5x5,C,heart,5x5,False,C_p0,C_p0_u13,3,6535,0,1307,1844
C_row0_col6_10x10,C,heart,10x10,False,C_p0,C_p0_u9,2,3918,0,653,922
C_row0_col6_5x5,C,heart,5x5,False,C_p0,C_p0_u16,4,7842,0,1307,1844
C_row0_col7_10x10,C,heart,10x10,False,C_p0,C_p0_u9,2,4571,0,653,922
C_row0_col8_10x10,C,heart,10x10,False,C_p0,C_p0_u10,3,5224,0,653,922
C_row0_col9_10x10,C,heart,10x10,False,C_p0,C_p0_u10,3,5877,0,653,922
C_row1_col0_5x5,C,heart,5x5,False,C_p0,C_p0_u0,0,0,1844,1307,1844
C_row1_col10_10x10,C,heart,10x10,False,C_p0,C_p0_u13,3,6530,922,653,922
C_row1_col11_10x10,C,heart,10x10,False,C_p0,C_p0_u13,3,7183,922,653,922
C_row1_col12_10x10,C,heart,10x10,False,C_p0,C_p0_u16,4,7836,922,653,922
C_row1_col13_10x10,C,heart,10x10,False,C_p0,C_p0_u16,4,8489,922,653,922
C_row1_col1_5x5,C,heart,5x5,False,C_p0,C_p0_u1,0,1307,1844,1307,1844
C_row1_col2_5x5,C,heart,5x5,False,C_p0,C_p0_u4,1,2614,1844,1307,1844
C_row1_col3_10x10,C,heart,10x10,False,C_p0,C_p0_u2,0,1959,922,653,922
C_row1_col4_10x10,C,heart,10x10,False,C_p0,C_p0_u6,2,2612,922,653,922
C_row1_col5_10x10,C,heart,10x10,False,C_p0,C_p0_u6,2,3265,922,653,922
C_row1_col5_5x5_masked,C,heart,5x5,True,C_p0,C_p0_u14,4,6535,1844,1307,1844
C_row1_col6_10x10,C,heart,10x10,False,C_p0,C_p0_u9,2,3918,922,653,922
C_row1_col6_5x5_masked,C,heart,5x5,True,C_p0,C_p0_u15,4,7842,1844,1307,1844
C_row1_col7_10x10,C,heart,10x10,False,C_p0,C_p0_u9,2,4571,922,653,922
C_row1_col9_10x10,C,heart,10x10,False,C_p0,C_p0_u10,3,5877,922,653,922
C_row2_col10_10x10,C,heart,10x10,False,C_p0,C_p0_u14,4,6530,1844,653,922
C_row2_col11_10x10_masked,C,heart,10x10,True,C_p0,C_p0_u14,4,7183,1844,653,922
C_row2_col12_10x10_masked,C,heart,10x10,True,C_p0,C_p0_u15,4,7836,1844,653,922
C_row2_col1_10x10,C,heart,10x10,False,C_p0,C_p0_u0,0,653,1844,653,922
C_row2_col1_5x5,C,heart,5x5,False,C_p0,C_p0_u3,1,1307,3688,1307,1844
C_row2_col2_10x10,C,heart,10x10,False,C_p0,C_p0_u1,0,1306,1844,653,922
C_row2_col2_5x5_masked,C,heart,5x5,True,C_p0,C_p0_u5,1,2614,3688,1307,1844
C_row2_col3_10x10,C,heart,10x10,False,C_p0,C_p0_u1,0,1959,1844,653,922
C_row2_col3_5x5_masked,C,heart,5x5,True,C_p0,C_p0_u8,2,3921,3688,1307,1844
C_row2_col4_10x10,C,heart,10x10,False,C_p0,C_p0_u4,1,2612,1844,653,922
C_row2_col5_10x10,C,heart,10x10,False,C_p0,C_p0_u4,1,3265,1844,653,922
C_row2_col6_10x10,C,heart,10x10,False,C_p0,C_p0_u7,2,3918,1844,653,922
C_row2_col9_10x10,C,heart,10x10,False,C_p0,C_p0_u11,3,5877,1844,653,922
C_row3_col10_10x10,C,heart,10x10,False,C_p0,C_p0_u14,4,6530,2766,653,922
C_row3_col1_10x10,C,heart,10x10,False,C_p0,C_p0_u0,0,653,2766,653,922
C_row3_col2_10x10,C,heart,10x10,False,C_p0,C_p0_u1,0,1306,2766,653,922
C_row3_col3_10x10,C,heart,10x10,False,C_p0,C_p0_u1,0,1959,2766,653,922
C_row3_col4_10x10,C,heart,10x10,False,C_p0,C_p0_u4,1,2612,2766,653,922
C_row3_col5_10x10,C,heart,10x10,False,C_p0,C_p0_u4,1,3265,2766,653,922
C_row3_col9_10x10,C,heart,10x10,False,C_p0,C_p0_u12,3,5877,2766,653,922
C_row4_col3_10x10,C,heart,10x10,False,C_p0,C_p0_u3,1,1959,3688,653,922
C_row4_col4_10x10,C,heart,10x10,False,C_p0,C_p0_u5,1,2612,3688,653,922
C_row4_col5_10x10_masked,C,heart,10x10,True,C_p0,C_p0_u5,1,3265,3688,653,922
C_row4_col6_10x10_masked,C,heart,10x10,True,C_p0,C_p0_u8,2,3918,3688,653,922
C_row4_col7_10x10,C,heart,10x10,False,C_p0,C_p0_u8,2,4571,3688,653,922
C_row5_col6_10x10_masked,C,heart,10x10,True,C_p0,C_p0_u8,2,3918,4610,653,922
D_row2_col5_5x5,D,brain,5x5,False,D_p0,D_p0_u1,4,9165,3632,1833,1816
D_row3_col3_5x5,D,brain,5x5,False,D_p0,D_p0_u0,2,5499,5448,1833,1816
D_row3_col4_5x5,D,brain,5x5,False,D_p0,D_p0_u0,2,7332,5448,1833,1816
D_row3_col5_5x5_masked,D,brain,5x5,True,D_p0,D_p0_u0,2,9165,5448,1833,1816
D_row4_col3_5x5,D,brain,5x5,False,D_p0,D_p0_u0,2,5499,7264,1833,1816
D_row4_col4_5x5,D,brain,5x5,False,D_p0,D_p0_u0,2,7332,7264,1833,1816
D_row4_col5_5x5,D,brain,5x5,False,D_p0,D_p0_u0,2,9165,7264,1833,1816
D_row4_col8_10x10,D,brain,10x10,False,D_p0,D_p0_u1,4,8800,4360,1100,1090
D_row5_col3_5x5,D,brain,5x5,False,D_p0,D_p0_u0,2,5499,9080,1833,1816
D_row5_col6_10x10,D,brain,10x10,False,D_p0,D_p0_u0,2,6600,5450,1100,1090
D_row5_col7_10x10_masked,D,brain,10x10,True,D_p0,D_p0_u0,2,7700,5450,1100,1090
D_row5_col8_10x10,D,brain,10x10,False,D_p0,D_p0_u0,2,8800,5450,1100,1090
D_row6_col5_10x10,D,brain,10x10,False,D_p0,D_p0_u0,2,5500,6540,1100,1090
D_row6_col6_10x10,D,brain,10x10,False,D_p0,D_p0_u0,2,6600,6540,1100,1090
D_row6_col7_10x10,D,brain,10x10,False,D_p0,D_p0_u0,2,7700,6540,1100,1090
D_row6_col8_10x10,D,brain,10x10,False,D_p0,D_p0_u0,2,8800,6540,1100,1090
D_row7_col5_10x10,D,brain,10x10,False,D_p0,D_p0_u0,2,5500,7630,1100,1090
D_row7_col6_10x10,D,brain,10x10,False,D_p0,D_p0_u0,2,6600,7630,1100,1090
D_row7_col7_10x10,D,brain,10x10,False,D_p0,D_p0_u0,2,7700,7630,1100,1090
D_row7_col8_10x10,D,brain,10x10,False,D_p0,D_p0_u0,2,8800,7630,1100,1090
D_row8_col5_10x10,D,brain,10x10,False,D_p0,D_p0_u0,2,5500,8720,1100,1090
E_row0_col10_10x10,E,brain,10x10,False,E_p0,E_p0_u22,4,6580,0,658,739
E_row0_col1_5x5,E,brain,5x5,False,E_p0,E_p0_u2,0,1317,0,1317,1479
E_row0_col2_5x5,E,brain,5x5,False,E_p0,E_p0_u8,1,2634,0,1317,1479
E_row0_col3_5x5,E,brain,5x5,False,E_p0,E_p0_u14,2,3951,0,1317,1479
E_row0_col4_5x5,E,brain,5x5,False,E_p0,E_p0_u21,4,5268,0,1317,1479
E_row0_col5_5x5,E,brain,5x5,False,E_p0,E_p0_u22,4,6585,0,1317,1479
E_row0_col9_10x10,E,brain,10x10,False,E_p0,E_p0_u21,4,5922,0,658,739
E_row1_col10_10x10_masked,E,brain,10x10,True,E_p0,E_p0_u22,4,6580,739,658,739
E_row1_col1_10x10_masked,E,brain,10x10,True,E_p0,E_p0_u0,0,658,739,658,739
E_row1_col2_10x10,E,brain,10x10,False,E_p0,E_p0_u2,0,1316,739,658,739
E_row1_col2_5x5,E,brain,5x5,False,E_p0,E_p0_u7,0,2634,1479,1317,1479
E_row1_col3_10x10,E,brain,10x10,False,E_p0,E_p0_u2,0,1974,739,658,739
E_row1_col3_5x5,E,brain,5x5,False,E_p0,E_p0_u13,1,3951,1479,1317,1479
E_row1_col4_10x10,E,brain,10x10,False,E_p0,E_p0_u8,1,2632,739,658,739
E_row1_col4_5x5,E,brain,5x5,False,E_p0,E_p0_u18,2,5268,1479,1317,1479
E_row1_col5_10x10,E,brain,10x10,False,E_p0,E_p0_u8,1,3290,739,658,739
E_row1_col5_5x5,E,brain,5x5,False,E_p0,E_p0_u23,4,6585,1479,1317,1479
E_row1_col6_10x10,E,brain,10x10,False,E_p0,E_p0_u14,2,3948,739,658,739
E_row1_col7_10x10,E,brain,10x10,False,E_p0,E_p0_u14,2,4606,739,658,739
E_row1_col9_10x10,E,brain,10x10,False,E_p0,E_p0_u21,4,5922,739,658,739
E_row2_col10_10x10,E,brain,10x10,False,E_p0,E_p0_u23,4,6580,1478,658,739
E_row2_col2_10x10_masked,E,brain,10x10,True,E_p0,E_p0_u1,0,1316,1478,658,739
E_row2_col3_10x10,E,brain,10x10,False,E_p0,E_p0_u3,0,1974,1478,658,739
E_row2_col4_10x10,E,brain,10x10,False,E_p0,E_p0_u7,0,2632,1478,658,739
E_row2_col4_5x5,E,brain,5x5,False,E_p0,E_p0_u19,3,5268,2958,1317,1479
E_row2_col5_10x10,E,brain,10x10,False,E_p0,E_p0_u7,0,3290,1478,658,739
E_row2_col5_5x5,E,brain,5x5,False,E_p0,E_p0_u24,4,6585,2958,1317,1479
E_row2_col6_10x10,E,brain,10x10,False,E_p0,E_p0_u13,1,3948,1478,658,739
E_row2_col7_10x10,E,brain,10x10,False,E_p0,E_p0_u13,1,4606,1478,658,739
E_row2_col8_10x10,E,brain,10x10,False,E_p0,E_p0_u18,2,5264,1478,658,739
E_row2_col9_10x10,E,brain,10x10,False,E_p0,E_p0_u18,2,5922,1478,658,739
E_row3_col10_10x10,E,brain,10x10,False,E_p0,E_p0_u23,4,6580,2217,658,739
E_row3_col3_10x10,E,brain,10x10,False,E_p0,E_p0_u4,0,1974,2217,658,739
E_row3_col3_5x5,E,brain,5x5,False,E_p0,E_p0_u15,2,3951,4437,1317,1479
E_row3_col4_10x10,E,brain,10x10,False,E_p0,E_p0_u7,0,2632,2217,658,739
E_row3_col4_5x5_masked,E,brain,5x5,True,E_p0,E_p0_u20,3,5268,4437,1317,1479
E_row3_col5_10x10,E,brain,10x10,False,E_p0,E_p0_u7,0,3290,2217,658,739
E_row3_col5_5x5,E,brain,5x5,False,E_p0,E_p0_u25,4,6585,4437,1317,1479
E_row3_col6_10x10,E,brain,10x10,False,E_p0,E_p0_u13,1,3948,2217,658,739
E_row3_col7_10x10,E,brain,10x10,False,E_p0,E_p0_u13,1,4606,2217,658,739
E_row3_col8_10x10,E,brain,10x10,False,E_p0,E_p0_u18,2,5264,2217,658,739
E_row3_col9_10x10,E,brain,10x10,False,E_p0,E_p0_u18,2,5922,2217,658,739
E_row4_col10_10x10,E,brain,10x10,False,E_p0,E_p0_u24,4,6580,2956,658,739
E_row4_col3_10x10,E,brain,10x10,False,E_p0,E_p0_u5,0,1974,2956,658,739
E_row4_col4_10x10,E,brain,10x10,False,E_p0,E_p0_u6,0,2632,2956,658,739
E_row4_col5_10x10,E,brain,10x10,False,E_p0,E_p0_u9,1,3290,2956,658,739
E_row4_col6_10x10,E,brain,10x10,False,E_p0,E_p0_u12,1,3948,2956,658,739
E_row4_col7_10x10,E,brain,10x10,False,E_p0,E_p0_u16,2,4606,2956,658,739
E_row4_col8_10x10,E,brain,10x10,False,E_p0,E_p0_u19,3,5264,2956,658,739
E_row4_col9_10x10,E,brain,10x10,False,E_p0,E_p0_u19,3,5922,2956,658,739
E_row5_col10_10x10,E,brain,10x10,False,E_p0,E_p0_u24,4,6580,3695,658,739
E_row5_col5_10x10,E,brain,10x10,False,E_p0,E_p0_u10,1,3290,3695,658,739
E_row5_col7_10x10,E,brain,10x10,False,E_p0,E_p0_u17,2,4606,3695,658,739
E_row5_col8_10x10,E,brain,10x10,False,E_p0,E_p0_u19,3,5264,3695,658,739
E_row5_col9_10x10,E,brain,10x10,False,E_p0,E_p0_u19,3,5922,3695,658,739
E_row6_col10_10x10,E,brain,10x10,False,E_p0,E_p0_u25,4,6580,4434,658,739
E_row6_col7_10x10,E,brain,10x10,False,E_p0,E_p0_u15,2,4606,4434,658,739
E_row6_col8_10x10,E,brain,10x10,False,E_p0,E_p0_u20,3,5264,4434,658,739
E_row6_col9_10x10,E,brain,10x10,False,E_p0,E_p0_u20,3,5922,4434,658,739
E_row7_col5_10x10_masked,E,brain,10x10,True,E_p0,E_p0_u11,1,3290,5173,658,739
E_row7_col6_10x10_masked,E,brain,10x10,True,E_p0,E_p0_u15,2,3948,5173,658,739
E_row7_col7_10x10,E,brain,10x10,False,E_p0,E_p0_u15,2,4606,5173,658,739
E_row7_col8_10x10_masked,E,brain,10x10,True,E_p0,E_p0_u20,3,5264,5173,658,739
E_row7_col9_10x10,E,brain,10x10,False,E_p0,E_p0_u20,3,5922,5173,658,739
F_row10_col3_10x10_masked,F,heart,10x10,True,F_p0,F_p0_u14,4,3000,8270,1000,827
F_row1_col1_5x5,F,heart,5x5,False,F_p0,F_p0_u2,0,2000,1655,2000,1655
F_row1_col2_5x5,F,heart,5x5,False,F_p0,F_p0_u1,0,4000,1655,2000,1655
F_row1_col3_5x5,F,heart,5x5,False,F_p0,F_p0_u3,0,6000,1655,2000,1655
F_row1_col4_10x10,F,heart,10x10,False,F_p0,F_p0_u0,0,4000,827,1000,827
F_row2_col0_5x5,F,heart,5x5,False,F_p0,F_p0_u7,2,0,3310,2000,1655
F_row2_col1_5x5,F,heart,5x5,False,F_p0,F_p0_u5,1,2000,3310,2000,1655
F_row2_col2_5x5,F,heart,5x5,False,F_p0,F_p0_u6,2,4000,3310,2000,1655
F_row2_col3_10x10,F,heart,10x10,False,F_p0,F_p0_u2,0,3000,1654,1000,827
F_row2_col3_5x5,F,heart,5x5,False,F_p0,F_p0_u4,1,6000,3310,2000,1655
F_row2_col4_10x10,F,heart,10x10,False,F_p0,F_p0_u1,0,4000,1654,1000,827
F_row3_col0_5x5,F,heart,5x5,False,F_p0,F_p0_u9,3,0,4965,2000,1655
F_row3_col1_5x5,F,heart,5x5,False,F_p0,F_p0_u10,3,2000,4965,2000,1655
F_row3_col2_10x10,F,heart,10x10,False,F_p0,F_p0_u2,0,2000,2481,1000,827
F_row3_col2_5x5,F,heart,5x5,False,F_p0,F_p0_u11,4,4000,4965,2000,1655
F_row3_col3_10x10,F,heart,10x10,False,F_p0,F_p0_u2,0,3000,2481,1000,827
F_row3_col3_5x5,F,heart,5x5,False,F_p0,F_p0_u8,2,6000,4965,2000,1655
F_row3_col4_10x10,F,heart,10x10,False,F_p0,F_p0_u1,0,4000,2481,1000,827
F_row3_col7_10x10,F,heart,10x10,False,F_p0,F_p0_u3,0,7000,2481,1000,827
F_row4_col1_10x10,F,heart,10x10,False,F_p0,F_p0_u7,2,1000,3308,1000,827
F_row4_col1_5x5_masked,F,heart,5x5,True,F_p0,F_p0_u13,4,2000,6620,2000,1655
F_row4_col2_10x10,F,heart,10x10,False,F_p0,F_p0_u5,1,2000,3308,1000,827
F_row4_col3_10x10,F,heart,10x10,False,F_p0,F_p0_u5,1,3000,3308,1000,827
F_row4_col4_10x10,F,heart,10x10,False,F_p0,F_p0_u6,2,4000,3308,1000,827
F_row4_col5_10x10,F,heart,10x10,False,F_p0,F_p0_u6,2,5000,3308,1000,827
F_row4_col6_10x10,F,heart,10x10,False,F_p0,F_p0_u4,1,6000,3308,1000,827
F_row4_col7_10x10,F,heart,10x10,False,F_p0,F_p0_u4,1,7000,3308,1000,827
F_row5_col1_10x10,F,heart,10x10,False,F_p0,F_p0_u7,2,1000,4135,1000,827
F_row5_col2_10x10,F,heart,10x10,False,F_p0,F_p0_u5,1,2000,4135,1000,827
F_row5_col3_10x10,F,heart,10x10,False,F_p0,F_p0_u5,1,3000,4135,1000,827
F_row5_col4_10x10,F,heart,10x10,False,F_p0,F_p0_u6,2,4000,4135,1000,827
F_row5_col5_10x10,F,heart,10x10,False,F_p0,F_p0_u6,2,5000,4135,1000,827
F_row5_col6_10x10_masked,F,heart,10x10,True,F_p0,F_p0_u4,1,6000,4135,1000,827
F_row6_col0_10x10,F,heart,10x10,False,F_p0,F_p0_u9,3,0,4962,1000,827
F_row6_col1_10x10,F,heart,10x10,False,F_p0,F_p0_u9,3,1000,4962,1000,827
F_row6_col2_10x10,F,heart,10x10,False,F_p0,F_p0_u10,3,2000,4962,1000,827
F_row6_col3_10x10,F,heart,10x10,False,F_p0,F_p0_u10,3,3000,4962,1000,827
F_row6_col4_10x10,F,heart,10x10,False,F_p0,F_p0_u11,4,4000,4962,1000,827
F_row6_col5_10x10,F,heart,10x10,False,F_p0,F_p0_u11,4,5000,4962,1000,827
F_row6_col6_10x10,F,heart,10x10,False,F_p0,F_p0_u8,2,6000,4962,1000,827
F_row7_col1_10x10,F,heart,10x10,False,F_p0,F_p0_u9,3,1000,5789,1000,827
F_row7_col2_10x10,F,heart,10x10,False,F_p0,F_p0_u10,3,2000,5789,1000,827
F_row7_col3_10x10,F,heart,10x10,False,F_p0,F_p0_u10,3,3000,5789,1000,827
F_row7_col4_10x10_masked,F,heart,10x10,True,F_p0,F_p0_u11,4,4000,5789,1000,827
F_row7_col5_10x10,F,heart,10x10,False,F_p0,F_p0_u11,4,5000,5789,1000,827
F_row8_col1_10x10,F,heart,10x10,False,F_p0,F_p0_u12,4,1000,6616,1000,827
F_row8_col2_10x10,F,heart,10x10,False,F_p0,F_p0_u13,4,2000,6616,1000,827
F_row8_col3_10x10,F,heart,10x10,False,F_p0,F_p0_u13,4,3000,6616,1000,827
F_row9_col2_10x10_masked,F,heart,10x10,True,F_p0,F_p0_u13,4,2000,7443,1000,827
F_row9_col3_10x10,F,heart,10x10,False,F_p0,F_p0_u13,4,3000,7443,1000,827
G_row0_col0_5x5,G,brain,5x5,False,G_p0,G_p0_u1,0,0,0,1871,1921
G_row0_col1_10x10,G,brain,10x10,False,G_p0,G_p0_u1,0,935,0,935,960
G_row0_col1_5x5,G,brain,5x5,False,G_p0,G_p0_u0,0,1871,0,1871,1921
G_row0_col2_10x10,G,brain,10x10,False,G_p0,G_p0_u0,0,1870,0,935,960
G_row0_col2_5x5,G,brain,5x5,False,G_p0,G_p0_u2,0,3742,0,1871,1921
G_row1_col0_10x10,G,brain,10x10,False,G_p0,G_p0_u1,0,0,960,935,960
G_row1_col0_5x5,G,brain,5x5,False,G_p0,G_p0_u5,0,0,1921,1871,1921
G_row1_col1_10x10,G,brain,10x10,False,G_p0,G_p0_u1,0,935,960,935,960
G_row1_col1_5x5,G,brain,5x5,False,G_p0,G_p0_u6,1,1871,1921,1871,1921
G_row1_col2_10x10,G,brain,10x10,False,G_p0,G_p0_u0,0,1870,960,935,960
G_row1_col2_5x5,G,brain,5x5,False,G_p0,G_p0_u4,0,3742,1921,1871,1921
G_row1_col3_5x5,G,brain,5x5,False,G_p0,G_p0_u7,1,5613,1921,1871,1921
G_row1_col4_5x5,G,brain,5x5,False,G_p0,G_p0_u8,1,7484,1921,1871,1921
G_row1_col5_10x10,G,brain,10x10,False,G_p0,G_p0_u2,0,4675,960,935,960
G_row1_col6_10x10,G,brain,10x10,False,G_p0,G_p0_u3,0,5610,960,935,960
G_row2_col0_10x10,G,brain,10x10,False,G_p0,G_p0_u5,0,0,1920,935,960
G_row2_col0_5x5,G,brain,5x5,False,G_p0,G_p0_u9,1,0,3842,1871,1921
G_row2_col1_10x10,G,brain,10x10,False,G_p0,G_p0_u5,0,935,1920,935,960
G_row2_col1_5x5,G,brain,5x5,False,G_p0,G_p0_u10,2,1871,3842,1871,1921
G_row2_col2_10x10,G,brain,10x10,False,G_p0,G_p0_u6,1,1870,1920,935,960
G_row2_col2_5x5,G,brain,5x5,False,G_p0,G_p0_u11,2,3742,3842,1871,1921
G_row2_col3_10x10,G,brain,10x10,False,G_p0,G_p0_u6,1,2805,1920,935,960
G_row2_col3_5x5,G,brain,5x5,False,G_p0,G_p0_u12,2,5613,3842,1871,1921
G_row2_col4_10x10,G,brain,10x10,False,G_p0,G_p0_u4,0,3740,1920,935,960
G_row2_col4_5x5,G,brain,5x5,False,G_p0,G_p0_u13,2,7484,3842,1871,1921
G_row2_col5_10x10,G,brain,10x10,False,G_p0,G_p0_u4,0,4675,1920,935,960
G_row2_col6_10x10,G,brain,10x10,False,G_p0,G_p0_u7,1,5610,1920,935,960
G_row2_col7_10x10,G,brain,10x10,False,G_p0,G_p0_u7,1,6545,1920,935,960
G_row2_col8_10x10,G,brain,10x10,False,G_p0,G_p0_u8,1,7480,1920,935,960
G_row3_col0_10x10,G,brain,10x10,False,G_p0,G_p0_u5,0,0,2880,935,960
G_row3_col0_5x5,G,brain,5x5,False,G_p0,G_p0_u18,3,0,5763,1871,1921
G_row3_col1_10x10,G,brain,10x10,False,G_p0,G_p0_u5,0,935,2880,935,960
G_row3_col1_5x5,G,brain,5x5,False,G_p0,G_p0_u14,2,1871,5763,1871,1921
G_row3_col2_10x10,G,brain,10x10,False,G_p0,G_p0_u6,1,1870,2880,935,960
G_row3_col2_5x5,G,brain,5x5,False,G_p0,G_p0_u15,3,3742,5763,1871,1921
G_row3_col3_10x10,G,brain,10x10,False,G_p0,G_p0_u6,1,2805,2880,935,960
G_row3_col3_5x5,G,brain,5x5,False,G_p0,G_p0_u16,3,5613,5763,1871,1921
G_row3_col4_5x5,G,brain,5x5,False,G_p0,G_p0_u17,3,7484,5763,1871,1921
G_row3_col5_10x10,G,brain,10x10,False,G_p0,G_p0_u4,0,4675,2880,935,960
G_row3_col6_10x10,G,brain,10x10,False,G_p0,G_p0_u7,1,5610,2880,935,960
G_row3_col7_10x10,G,brain,10x10,False,G_p0,G_p0_u7,1,6545,2880,935,960
G_row3_col8_10x10,G,brain,10x10,False,G_p0,G_p0_u8,1,7480,2880,935,960
G_row4_col0_10x10,G,brain,10x10,False,G_p0,G_p0_u9,1,0,3840,935,960
G_row4_col0_5x5,G,brain,5x5,False,G_p0,G_p0_u23,4,0,7684,1871,1921
G_row4_col1_10x10,G,brain,10x10,False,G_p0,G_p0_u9,1,935,3840,935,960
G_row4_col1_5x5,G,brain,5x5,False,G_p0,G_p0_u21,4,1871,7684,1871,1921
G_row4_col2_10x10,G,brain,10x10,False,G_p0,G_p0_u10,2,1870,3840,935,960
G_row4_col2_5x5,G,brain,5x5,False,G_p0,G_p0_u22,4,3742,7684,1871,1921
G_row4_col3_10x10,G,brain,10x10,False,G_p0,G_p0_u10,2,2805,3840,935,960
G_row4_col3_5x5,G,brain,5x5,False,G_p0,G_p0_u20,4,5613,7684,1871,1921
G_row4_col4_10x10,G,brain,10x10,False,G_p0,G_p0_u11,2,3740,3840,935,960
G_row4_col4_5x5,G,brain,5x5,False,G_p0,G_p0_u19,4,7484,7684,1871,1921
G_row4_col5_10x10,G,brain,10x10,False,G_p0,G_p0_u11,2,4675,3840,935,960
G_row4_col6_10x10,G,brain,10x10,False,G_p0,G_p0_u12,2,5610,3840,935,960
G_row4_col7_10x10,G,brain,10x10,False,G_p0,G_p0_u12,2,6545,3840,935,960
G_row4_col8_10x10,G,brain,10x10,False,G_p0,G_p0_u13,2,7480,3840,935,960
G_row5_col1_10x10,G,brain,10x10,False,G_p0,G_p0_u9,1,935,4800,935,960
G_row5_col2_10x10,G,brain,10x10,False,G_p0,G_p0_u10,2,1870,4800,935,960
G_row5_col3_10x10,G,brain,10x10,False,G_p0,G_p0_u10,2,2805,4800,935,960
G_row5_col4_10x10,G,brain,10x10,False,G_p0,G_p0_u11,2,3740,4800,935,960
G_row5_col5_10x10,G,brain,10x10,False,G_p0,G_p0_u11,2,4675,4800,935,960
G_row5_col6_10x10,G,brain,10x10,False,G_p0,G_p0_u12,2,5610,4800,935,960
G_row5_col7_10x10,G,brain,10x10,False,G_p0,G_p0_u12,2,6545,4800,935,960
G_row5_col8_10x10,G,brain,10x10,False,G_p0,G_p0_u13,2,7480,4800,935,960
G_row6_col1_10x10,G,brain,10x10,False,G_p0,G_p0_u18,3,935,5760,935,960
G_row6_col2_10x10,G,brain,10x10,False,G_p0,G_p0_u14,2,1870,5760,935,960
G_row6_col3_10x10,G,brain,10x10,False,G_p0,G_p0_u14,2,2805,5760,935,960
G_row6_col4_10x10,G,brain,10x10,False,G_p0,G_p0_u15,3,3740,5760,935,960
G_row6_col5_10x10,G,brain,10x10,False,G_p0,G_p0_u15,3,4675,5760,935,960
G_row6_col6_10x10,G,brain,10x10,False,G_p0,G_p0_u16,3,5610,5760,935,960
G_row6_col7_10x10,G,brain,10x10,False,G_p0,G_p0_u16,3,6545,5760,935,960
G_row6_col8_10x10,G,brain,10x10,False,G_p0,G_p0_u17,3,7480,5760,935,960
G_row6_col9_10x10,G,brain,10x10,False,G_p0,G_p0_u17,3,8415,5760,935,960
G_row7_col1_10x10,G,brain,10x10,False,G_p0,G_p0_u18,3,935,6720,935,960
G_row7_col2_10x10,G,brain,10x10,False,G_p0,G_p0_u14,2,1870,6720,935,960
G_row7_col3_10x10,G,brain,10x10,False,G_p0,G_p0_u14,2,2805,6720,935,960
G_row7_col4_10x10,G,brain,10x10,False,G_p0,G_p0_u15,3,3740,6720,935,960
G_row7_col5_10x10,G,brain,10x10,False,G_p0,G_p0_u15,3,4675,6720,935,960
G_row7_col6_10x10,G,brain,10x10,False,G_p0,G_p0_u16,3,5610,6720,935,960
G_row7_col7_10x10,G,brain,10x10,False,G_p0,G_p0_u16,3,6545,6720,935,960
G_row7_col8_10x10,G,brain,10x10,False,G_p0,G_p0_u17,3,7480,6720,935,960
G_row7_col9_10x10,G,brain,10x10,False,G_p0,G_p0_u17,3,8415,6720,935,960
G_row8_col1_10x10,G,brain,10x10,False,G_p0,G_p0_u23,4,935,7680,935,960
G_row8_col2_10x10,G,brain,10x10,False,G_p0,G_p0_u21,4,1870,7680,935,960
G_row8_col3_10x10,G,brain,10x10,False,G_p0,G_p0_u21,4,2805,7680,935,960
G_row8_col4_10x10,G,brain,10x10,False,G_p0,G_p0_u22,4,3740,7680,935,960
G_row8_col5_10x10,G,brain,10x10,False,G_p0,G_p0_u22,4,4675,7680,935,960
G_row8_col6_10x10,G,brain,10x10,False,G_p0,G_p0_u20,4,5610,7680,935,960
G_row8_col7_10x10,G,brain,10x10,False,G_p0,G_p0_u20,4,6545,7680,935,960
G_row8_col8_10x10,G,brain,10x10,False,G_p0,G_p0_u19,4,7480,7680,935,960
G_row9_col1_10x10,G,brain,10x10,False,G_p0,G_p0_u23,4,935,8640,935,960
G_row9_col2_10x10,G,brain,10x10,False,G_p0,G_p0_u21,4,1870,8640,935,960
G_row9_col3_10x10,G,brain,10x10,False,G_p0,G_p0_u21,4,2805,8640,935,960
G_row9_col4_10x10,G,brain,10x10,False,G_p0,G_p0_u22,4,3740,8640,935,960
G_row9_col5_10x10,G,brain,10x10,False,G_p0,G_p0_u22,4,4675,8640,935,960
G_row9_col6_10x10,G,brain,10x10,False,G_p0,G_p0_u20,4,5610,8640,935,960
H_row0_col3_5x5,H,brain,5x5,False,H_p0,H_p0_u11,3,3681,0,1227,1522
H_row0_col4_5x5,H,brain,5x5,False,H_p0,H_p0_u12,3,4908,0,1227,1522
H_row0_col8_10x10,H,brain,10x10,False,H_p0,H_p0_u12,3,4904,0,613,761
H_row0_col9_10x10,H,brain,10x10,False,H_p0,H_p0_u12,3,5517,0,613,761
H_row1_col10_10x10,H,brain,10x10,False,H_p0,H_p0_u15,4,6130,761,613,761
H_row1_col1_5x5,H,brain,5x5,False,H_p0,H_p0_u4,1,1227,1522,1227,1522
H_row1_col2_5x5,H,brain,5x5,False,H_p0,H_p0_u8,2,2454,1522,1227,1522
H_row1_col3_5x5,H,brain,5x5,False,H_p0,H_p0_u9,2,3681,1522,1227,1522
H_row1_col4_5x5,H,brain,5x5,False,H_p0,H_p0_u13,3,4908,1522,1227,1522
H_row1_col5_5x5,H,brain,5x5,False,H_p0,H_p0_u16,4,6135,1522,1227,1522
H_row1_col8_10x10,H,brain,10x10,False,H_p0,H_p0_u12,3,4904,761,613,761
H_row1_col9_10x10,H,brain,10x10,False,H_p0,H_p0_u12,3,5517,761,613,761
H_row2_col0_5x5,H,brain,5x5,False,H_p0,H_p0_u0,0,0,3044,1227,1522
H_row2_col10_10x10,H,brain,10x10,False,H_p0,H_p0_u16,4,6130,1522,613,761
H_row2_col1_5x5,H,brain,5x5,False,H_p0,H_p0_u3,0,1227,3044,1227,1522
H_row2_col2_5x5,H,brain,5x5,False,H_p0,H_p0_u7,1,2454,3044,1227,1522
H_row2_col3_5x5,H,brain,5x5,False,H_p0,H_p0_u10,2,3681,3044,1227,1522
H_row2_col4_5x5,H,brain,5x5,False,H_p0,H_p0_u14,4,4908,3044,1227,1522
H_row2_col5_10x10,H,brain,10x10,False,H_p0,H_p0_u8,2,3065,1522,613,761
H_row2_col5_5x5,H,brain,5x5,False,H_p0,H_p0_u17,4,6135,3044,1227,1522
H_row2_col6_10x10,H,brain,10x10,False,H_p0,H_p0_u9,2,3678,1522,613,761
H_row2_col7_10x10,H,brain,10x10,False,H_p0,H_p0_u9,2,4291,1522,613,761
H_row2_col8_10x10,H,brain,10x10,False,H_p0,H_p0_u13,3,4904,1522,613,761
H_row2_col9_10x10,H,brain,10x10,False,H_p0,H_p0_u13,3,5517,1522,613,761
H_row3_col0_5x5,H,brain,5x5,False,H_p0,H_p0_u1,0,0,4566,1227,1522
H_row3_col10_10x10,H,brain,10x10,False,H_p0,H_p0_u16,4,6130,2283,613,761
H_row3_col11_10x10,H,brain,10x10,False,H_p0,H_p0_u16,4,6743,2283,613,761
H_row3_col1_10x10,H,brain,10x10,False,H_p0,H_p0_u2,0,613,2283,613,761
H_row3_col1_5x5,H,brain,5x5,False,H_p0,H_p0_u5,1,1227,4566,1227,1522
H_row3_col2_10x10,H,brain,10x10,False,H_p0,H_p0_u4,1,1226,2283,613,761
H_row3_col3_10x10,H,brain,10x10,False,H_p0,H_p0_u4,1,1839,2283,613,761
H_row3_col4_10x10,H,brain,10x10,False,H_p0,H_p0_u8,2,2452,2283,613,761
H_row3_col5_10x10,H,brain,10x10,False,H_p0,H_p0_u8,2,3065,2283,613,761
H_row3_col6_10x10,H,brain,10x10,False,H_p0,H_p0_u9,2,3678,2283,613,761
H_row3_col7_10x10,H,brain,10x10,False,H_p0,H_p0_u9,2,4291,2283,613,761
H_row3_col8_10x10,H,brain,10x10,False,H_p0,H_p0_u13,3,4904,2283,613,761
H_row3_col9_10x10,H,brain,10x10,False,H_p0,H_p0_u13,3,5517,2283,613,761
H_row4_col10_10x10,H,brain,10x10,False,H_p0,H_p0_u17,4,6130,3044,613,761
H_row4_col11_10x10,H,brain,10x10,False,H_p0,H_p0_u17,4,6743,3044,613,761
H_row4_col1_10x10,H,brain,10x10,False,H_p0,H_p0_u0,0,613,3044,613,761
H_row4_col2_10x10,H,brain,10x10,False,H_p0,H_p0_u3,0,1226,3044,613,761
H_row4_col3_10x10,H,brain,10x10,False,H_p0,H_p0_u3,0,1839,3044,613,761
H_row4_col4_10x10,H,brain,10x10,False,H_p0,H_p0_u7,1,2452,3044,613,761
H_row4_col5_10x10,H,brain,10x10,False,H_p0,H_p0_u7,1,3065,3044,613,761
H_row4_col6_10x10,H,brain,10x10,False,H_p0,H_p0_u10,2,3678,3044,613,761
H_row4_col7_10x10,H,brain,10x10,False,H_p0,H_p0_u10,2,4291,3044,613,761
H_row4_col8_10x10,H,brain,10x10,False,H_p0,H_p0_u14,4,4904,3044,613,761
H_row4_col9_10x10,H,brain,10x10,False,H_p0,H_p0_u14,4,5517,3044,613,761
H_row5_col0_10x10,H,brain,10x10,False,H_p0,H_p0_u0,0,0,3805,613,761
H_row5_col10_10x10,H,brain,10x10,False,H_p0,H_p0_u17,4,6130,3805,613,761
H_row5_col11_10x10,H,brain,10x10,False,H_p0,H_p0_u17,4,6743,3805,613,761
H_row5_col1_10x10,H,brain,10x10,False,H_p0,H_p0_u0,0,613,3805,613,761
H_row5_col2_10x10,H,brain,10x10,False,H_p0,H_p0_u3,0,1226,3805,613,761
H_row5_col3_10x10,H,brain,10x10,False,H_p0,H_p0_u3,0,1839,3805,613,761
H_row5_col4_10x10,H,brain,10x10,False,H_p0,H_p0_u7,1,2452,3805,613,761
H_row5_col5_10x10,H,brain,10x10,False,H_p0,H_p0_u7,1,3065,3805,613,761
H_row5_col6_10x10,H,brain,10x10,False,H_p0,H_p0_u10,2,3678,3805,613,761
H_row5_col7_10x10,H,brain,10x10,False,H_p0,H_p0_u10,2,4291,3805,613,761
H_row5_col8_10x10,H,brain,10x10,False,H_p0,H_p0_u14,4,4904,3805,613,761
H_row5_col9_10x10,H,brain,10x10,False,H_p0,H_p0_u14,4,5517,3805,613,761
H_row6_col1_10x10,H,brain,10x10,False,H_p0,H_p0_u1,0,613,4566,613,761
H_row6_col2_10x10,H,brain,10x10,False,H_p0,H_p0_u5,1,1226,4566,613,761
H_row6_col3_10x10,H,brain,10x10,False,H_p0,H_p0_u5,1,1839,4566,613,761
H_row6_col4_10x10,H,brain,10x10,False,H_p0,H_p0_u6,1,2452,4566,613,761
Hpart1_row0_col0_5x5,H,brain,5x5,False,H_p1,H_p1_u1,0,0,0,782,1042
Hpart1_row0_col1_5x5,H,brain,5x5,False,H_p1,H_p1_u3,0,782,0,782,1042
Hpart1_row0_col2_10x10,H,brain,10x10,False,H_p1,H_p1_u3,0,782,0,391,521
Hpart1_row0_col2_5x5,H,brain,5x5,False,H_p1,H_p1_u6,2,1564,0,782,1042
Hpart1_row0_col3_10x10,H,brain,10x10,False,H_p1,H_p1_u3,0,1173,0,391,521
Hpart1_row0_col3_5x5,H,brain,5x5,False,H_p1,H_p1_u9,3,2346,0,782,1042
Hpart1_row0_col4_10x10,H,brain,10x10,False,H_p1,H_p1_u6,2,1564,0,391,521
Hpart1_row0_col5_10x10,H,brain,10x10,False,H_p1,H_p1_u6,2,1955,0,391,521
Hpart1_row1_col0_5x5,H,brain,5x5,False,H_p1,H_p1_u0,0,0,1042,782,1042
Hpart1_row1_col1_10x10,H,brain,10x10,False,H_p1,H_p1_u1,0,391,521,391,521
Hpart1_row1_col1_5x5,H,brain,5x5,False,H_p1,H_p1_u4,1,782,1042,782,1042
Hpart1_row1_col2_10x10,H,brain,10x10,False,H_p1,H_p1_u3,0,782,521,391,521
Hpart1_row1_col2_5x5,H,brain,5x5,False,H_p1,H_p1_u7,2,1564,1042,782,1042
Hpart1_row1_col3_10x10,H,brain,10x10,False,H_p1,H_p1_u3,0,1173,521,391,521
Hpart1_row1_col3_5x5,H,brain,5x5,False,H_p1,H_p1_u10,3,2346,1042,782,1042
Hpart1_row1_col4_10x10,H,brain,10x10,False,H_p1,H_p1_u6,2,1564,521,391,521
Hpart1_row1_col4_5x5,H,brain,5x5,False,H_p1,H_p1_u14,4,3128,1042,782,1042
Hpart1_row1_col5_10x10,H,brain,10x10,False,H_p1,H_p1_u6,2,1955,521,391,521
Hpart1_row1_col6_10x10,H,brain,10x10,False,H_p1,H_p1_u9,3,2346,521,391,521
Hpart1_row1_col7_10x10,H,brain,10x10,False,H_p1,H_p1_u9,3,2737,521,391,521
Hpart1_row2_col0_10x10,H,brain,10x10,False,H_p1,H_p1_u0,0,0,1042,391,521
Hpart1_row2_col0_5x5,H,brain,5x5,False,H_p1,H_p1_u2,0,0,2084,782,1042
Hpart1_row2_col1_10x10,H,brain,10x10,False,H_p1,H_p1_u0,0,391,1042,391,521
Hpart1_row2_col1_5x5,H,brain,5x5,False,H_p1,H_p1_u5,1,782,2084,782,1042
Hpart1_row2_col2_10x10,H,brain,10x10,False,H_p1,H_p1_u4,1,782,1042,391,521
Hpart1_row2_col2_5x5,H,brain,5x5,False,H_p1,H_p1_u8,2,1564,2084,782,1042
Hpart1_row2_col3_10x10,H,brain,10x10,False,H_p1,H_p1_u4,1,1173,1042,391,521
Hpart1_row2_col3_5x5,H,brain,5x5,False,H_p1,H_p1_u11,3,2346,2084,782,1042
Hpart1_row2_col4_10x10,H,brain,10x10,False,H_p1,H_p1_u7,2,1564,1042,391,521
Hpart1_row2_col4_5x5,H,brain,5x5,False,H_p1,H_p1_u15,4,3128,2084,782,1042
Hpart1_row2_col5_10x10,H,brain,10x10,False,H_p1,H_p1_u7,2,1955,1042,391,521
Hpart1_row2_col5_5x5,H,brain,5x5,False,H_p1,H_p1_u16,4,3910,2084,782,1042
Hpart1_row2_col6_10x10,H,brain,10x10,False,H_p1,H_p1_u10,3,2346,1042,391,521
Hpart1_row2_col7_10x10,H,brain,10x10,False,H_p1,H_p1_u10,3,2737,1042,391,521
Hpart1_row2_col8_10x10,H,brain,10x10,False,H_p1,H_p1_u14,4,3128,1042,391,521
Hpart1_row3_col1_10x10,H,brain,10x10,False,H_p1,H_p1_u0,0,391,1563,391,521
Hpart1_row3_col2_10x10,H,brain,10x10,False,H_p1,H_p1_u4,1,782,1563,391,521
Hpart1_row3_col3_10x10,H,brain,10x10,False,H_p1,H_p1_u4,1,1173,1563,391,521
Hpart1_row3_col4_10x10,H,brain,10x10,False,H_p1,H_p1_u7,2,1564,1563,391,521
Hpart1_row3_col5_10x10,H,brain,10x10,False,H_p1,H_p1_u7,2,1955,1563,391,521
Hpart1_row3_col6_10x10,H,brain,10x10,False,H_p1,H_p1_u10,3,2346,1563,391,521
Hpart1_row3_col7_10x10,H,brain,10x10,False,H_p1,H_p1_u10,3,2737,1563,391,521
Hpart1_row3_col8_10x10,H,brain,10x10,False,H_p1,H_p1_u14,4,3128,1563,391,521
Hpart1_row4_col1_10x10,H,brain,10x10,False,H_p1,H_p1_u2,0,391,2084,391,521
Hpart1_row4_col2_10x10,H,brain,10x10,False,H_p1,H_p1_u5,1,782,2084,391,521
Hpart1_row4_col3_10x10,H,brain,10x10,False,H_p1,H_p1_u5,1,1173,2084,391,521
Hpart1_row4_col4_10x10,H,brain,10x10,False,H_p1,H_p1_u8,2,1564,2084,391,521
Hpart1_row4_col5_10x10,H,brain,10x10,False,H_p1,H_p1_u8,2,1955,2084,391,521
Hpart1_row4_col6_10x10,H,brain,10x10,False,H_p1,H_p1_u11,3,2346,2084,391,521
Hpart1_row4_col7_10x10,H,brain,10x10,False,H_p1,H_p1_u11,3,2737,2084,391,521
Hpart1_row4_col8_10x10,H,brain,10x10,False,H_p1,H_p1_u15,4,3128,2084,391,521
Hpart1_row4_col9_10x10,H,brain,10x10,False,H_p1,H_p1_u15,4,3519,2084,391,521
Hpart1_row5_col2_10x10,H,brain,10x10,False,H_p1,H_p1_u5,1,782,2605,391,521
Hpart1_row5_col3_10x10,H,brain,10x10,False,H_p1,H_p1_u5,1,1173,2605,391,521
Hpart1_row5_col4_10x10,H,brain,10x10,False,H_p1,H_p1_u8,2,1564,2605,391,521
Hpart1_row5_col5_10x10,H,brain,10x10,False,H_p1,H_p1_u8,2,1955,2605,391,521
Hpart1_row5_col6_10x10,H,brain,10x10,False,H_p1,H_p1_u11,3,2346,2605,391,521
Hpart1_row5_col7_10x10,H,brain,10x10,False,H_p1,H_p1_u11,3,2737,2605,391,521
Hpart1_row5_col8_10x10,H,brain,10x10,False,H_p1,H_p1_u15,4,3128,2605,391,521
Hpart1_row5_col9_10x10,H,brain,10x10,False,H_p1,H_p1_u15,4,3519,2605,391,521
Hpart1_row6_col7_10x10,H,brain,10x10,False,H_p1,H_p1_u12,4,2737,3126,391,521
Hpart1_row6_col8_10x10,H,brain,10x10,False,H_p1,H_p1_u13,4,3128,3126,391,521
I_row0_col1_5x5,I,brain,5x5,False,I_p0,I_p0_u0,0,2035,0,2035,1491
I_row0_col2_5x5,I,brain,5x5,False,I_p0,I_p0_u1,0,4070,0,2035,1491
I_row0_col3_10x10,I,brain,10x10,False,I_p0,I_p0_u0,0,3051,0,1017,745
I_row10_col2_10x10,I,brain,10x10,False,I_p0,I_p0_u14,4,2034,7450,1017,745
I_row10_col3_10x10,I,brain,10x10,False,I_p0,I_p0_u14,4,3051,7450,1017,745
I_row10_col4_10x10,I,brain,10x10,False,I_p0,I_p0_u15,4,4068,7450,1017,745
I_row10_col5_10x10,I,brain,10x10,False,I_p0,I_p0_u15,4,5085,7450,1017,745
I_row11_col3_10x10,I,brain,10x10,False,I_p0,I_p0_u14,4,3051,8195,1017,745
I_row11_col4_10x10,I,brain,10x10,False,I_p0,I_p0_u15,4,4068,8195,1017,745
I_row11_col5_10x10,I,brain,10x10,False,I_p0,I_p0_u15,4,5085,8195,1017,745
I_row12_col4_10x10,I,brain,10x10,False,I_p0,I_p0_u16,4,4068,8940,1017,745
I_row12_col5_10x10,I,brain,10x10,False,I_p0,I_p0_u16,4,5085,8940,1017,745
I_row1_col1_5x5_masked,I,brain,5x5,True,I_p0,I_p0_u2,0,2035,1491,2035,1491
I_row1_col2_5x5,I,brain,5x5,False,I_p0,I_p0_u3,0,4070,1491,2035,1491
I_row1_col3_10x10,I,brain,10x10,False,I_p0,I_p0_u0,0,3051,745,1017,745
I_row1_col4_10x10,I,brain,10x10,False,I_p0,I_p0_u1,0,4068,745,1017,745
I_row2_col1_5x5,I,brain,5x5,False,I_p0,I_p0_u5,1,2035,2982,2035,1491
I_row2_col2_10x10,I,brain,10x10,False,I_p0,I_p0_u2,0,2034,1490,1017,745
I_row2_col2_5x5,I,brain,5x5,False,I_p0,I_p0_u4,1,4070,2982,2035,1491
I_row2_col3_10x10,I,brain,10x10,False,I_p0,I_p0_u2,0,3051,1490,1017,745
I_row2_col4_10x10,I,brain,10x10,False,I_p0,I_p0_u3,0,4068,1490,1017,745
I_row3_col0_5x5,I,brain,5x5,False,I_p0,I_p0_u7,1,0,4473,2035,1491
I_row3_col1_5x5,I,brain,5x5,False,I_p0,I_p0_u8,2,2035,4473,2035,1491
I_row3_col2_5x5,I,brain,5x5,False,I_p0,I_p0_u9,2,4070,4473,2035,1491
I_row3_col3_10x10,I,brain,10x10,False,I_p0,I_p0_u2,0,3051,2235,1017,745
I_row3_col3_5x5,I,brain,5x5,False,I_p0,I_p0_u6,1,6105,4473,2035,1491
I_row3_col4_10x10,I,brain,10x10,False,I_p0,I_p0_u3,0,4068,2235,1017,745
I_row3_col5_10x10,I,brain,10x10,False,I_p0,I_p0_u3,0,5085,2235,1017,745
I_row4_col0_5x5,I,brain,5x5,False,I_p0,I_p0_u10,3,0,5964,2035,1491
I_row4_col1_5x5,I,brain,5x5,False,I_p0,I_p0_u11,3,2035,5964,2035,1491
I_row4_col2_10x10,I,brain,10x10,False,I_p0,I_p0_u5,1,2034,2980,1017,745
I_row4_col2_5x5,I,brain,5x5,False,I_p0,I_p0_u12,3,4070,5964,2035,1491
I_row4_col3_10x10,I,brain,10x10,False,I_p0,I_p0_u5,1,3051,2980,1017,745
I_row4_col3_5x5,I,brain,5x5,False,I_p0,I_p0_u13,4,6105,5964,2035,1491
I_row4_col4_10x10,I,brain,10x10,False,I_p0,I_p0_u4,1,4068,2980,1017,745
I_row4_col5_10x10,I,brain,10x10,False,I_p0,I_p0_u4,1,5085,2980,1017,745
I_row5_col1_5x5,I,brain,5x5,False,I_p0,I_p0_u14,4,2035,7455,2035,1491
I_row5_col2_10x10,I,brain,10x10,False,I_p0,I_p0_u5,1,2034,3725,1017,745
I_row5_col2_5x5,I,brain,5x5,False,I_p0,I_p0_u15,4,4070,7455,2035,1491
I_row5_col3_10x10,I,brain,10x10,False,I_p0,I_p0_u5,1,3051,3725,1017,745
I_row5_col4_10x10,I,brain,10x10,False,I_p0,I_p0_u4,1,4068,3725,1017,745
I_row6_col0_10x10,I,brain,10x10,False,I_p0,I_p0_u7,1,0,4470,1017,745
I_row6_col1_10x10,I,brain,10x10,False,I_p0,I_p0_u7,1,1017,4470,1017,745
I_row6_col2_10x10,I,brain,10x10,False,I_p0,I_p0_u8,2,2034,4470,1017,745
I_row6_col2_5x5,I,brain,5x5,False,I_p0,I_p0_u16,4,4070,8946,2035,1491
I_row6_col3_10x10,I,brain,10x10,False,I_p0,I_p0_u8,2,3051,4470,1017,745
I_row6_col4_10x10,I,brain,10x10,False,I_p0,I_p0_u9,2,4068,4470,1017,745
I_row6_col5_10x10,I,brain,10x10,False,I_p0,I_p0_u9,2,5085,4470,1017,745
I_row6_col6_10x10,I,brain,10x10,False,I_p0,I_p0_u6,1,6102,4470,1017,745
I_row7_col0_10x10,I,brain,10x10,False,I_p0,I_p0_u7,1,0,5215,1017,745
I_row7_col1_10x10,I,brain,10x10,False,I_p0,I_p0_u7,1,1017,5215,1017,745
I_row7_col2_10x10,I,brain,10x10,False,I_p0,I_p0_u8,2,2034,5215,1017,745
I_row7_col3_10x10,I,brain,10x10,False,I_p0,I_p0_u8,2,3051,5215,1017,745
I_row7_col4_10x10,I,brain,10x10,False,I_p0,I_p0_u9,2,4068,5215,1017,745
I_row7_col5_10x10,I,brain,10x10,False,I_p0,I_p0_u9,2,5085,5215,1017,745
I_row8_col0_10x10,I,brain,10x10,False,I_p0,I_p0_u10,3,0,5960,1017,745
I_row8_col1_10x10,I,brain,10x10,False,I_p0,I_p0_u10,3,1017,5960,1017,745
I_row8_col2_10x10,I,brain,10x10,False,I_p0,I_p0_u11,3,2034,5960,1017,745
I_row8_col3_10x10,I,brain,10x10,False,I_p0,I_p0_u11,3,3051,5960,1017,745
I_row8_col4_10x10,I,brain,10x10,False,I_p0,I_p0_u12,3,4068,5960,1017,745
I_row8_col5_10x10,I,brain,10x10,False,I_p0,I_p0_u12,3,5085,5960,1017,745
I_row8_col6_10x10,I,brain,10x10,False,I_p0,I_p0_u13,4,6102,5960,1017,745
I_row9_col1_10x10,I,brain,10x10,False,I_p0,I_p0_u10,3,1017,6705,1017,745
I_row9_col2_10x10,I,brain,10x10,False,I_p0,I_p0_u11,3,2034,6705,1017,745
I_row9_col3_10x10,I,brain,10x10,False,I_p0,I_p0_u11,3,3051,6705,1017,745
I_row9_col4_10x10,I,brain,10x10,False,I_p0,I_p0_u12,3,4068,6705,1017,745
I_row9_col5_10x10,I,brain,10x10,False,I_p0,I_p0_u12,3,5085,6705,1017,745
I_row9_col6_10x10_masked,I,brain,10x10,True,I_p0,I_p0_u13,4,6102,6705,1017,745
J_row0_col10_10x10,J,heart,10x10,False,J_p0,J_p0_u13,3,7000,0,700,860
J_row0_col11_10x10,J,heart,10x10,False,J_p0,J_p0_u13,3,7700,0,700,860
J_row0_col2_5x5,J,heart,5x5,False,J_p0,J_p0_u0,0,2800,0,1400,1720
J_row0_col3_5x5,J,heart,5x5,False,J_p0,J_p0_u4,0,4200,0,1400,1720
J_row0_col4_5x5,J,heart,5x5,False,J_p0,J_p0_u9,1,5600,0,1400,1720
J_row0_col5_10x10,J,heart,10x10,False,J_p0,J_p0_u0,0,3500,0,700,860
J_row0_col5_5x5,J,heart,5x5,False,J_p0,J_p0_u13,3,7000,0,1400,1720
J_row0_col8_10x10,J,heart,10x10,False,J_p0,J_p0_u9,1,5600,0,700,860
J_row0_col9_10x10,J,heart,10x10,False,J_p0,J_p0_u9,1,6300,0,700,860
J_row1_col10_10x10,J,heart,10x10,False,J_p0,J_p0_u13,3,7000,860,700,860
J_row1_col11_10x10,J,heart,10x10,False,J_p0,J_p0_u13,3,7700,860,700,860
J_row1_col2_5x5_masked,J,heart,5x5,True,J_p0,J_p0_u1,0,2800,1720,1400,1720
J_row1_col3_5x5,J,heart,5x5,False,J_p0,J_p0_u5,1,4200,1720,1400,1720
J_row1_col4_10x10,J,heart,10x10,False,J_p0,J_p0_u0,0,2800,860,700,860
J_row1_col4_5x5,J,heart,5x5,False,J_p0,J_p0_u10,2,5600,1720,1400,1720
J_row1_col5_10x10,J,heart,10x10,False,J_p0,J_p0_u0,0,3500,860,700,860
J_row1_col5_5x5,J,heart,5x5,False,J_p0,J_p0_u14,3,7000,1720,1400,1720
J_row1_col6_10x10,J,heart,10x10,False,J_p0,J_p0_u4,0,4200,860,700,860
J_row1_col7_10x10,J,heart,10x10,False,J_p0,J_p0_u4,0,4900,860,700,860
J_row1_col8_10x10,J,heart,10x10,False,J_p0,J_p0_u9,1,5600,860,700,860
J_row1_col9_10x10,J,heart,10x10,False,J_p0,J_p0_u9,1,6300,860,700,860
J_row2_col10_10x10,J,heart,10x10,False,J_p0,J_p0_u14,3,7000,1720,700,860
J_row2_col11_10x10,J,heart,10x10,False,J_p0,J_p0_u14,3,7700,1720,700,860
J_row2_col4_10x10_masked,J,heart,10x10,True,J_p0,J_p0_u1,0,2800,1720,700,860
J_row2_col4_5x5,J,heart,5x5,False,J_p0,J_p0_u11,2,5600,3440,1400,1720
J_row2_col5_10x10_masked,J,heart,10x10,True,J_p0,J_p0_u1,0,3500,1720,700,860
J_row2_col5_5x5,J,heart,5x5,False,J_p0,J_p0_u15,4,7000,3440,1400,1720
J_row2_col6_10x10,J,heart,10x10,False,J_p0,J_p0_u5,1,4200,1720,700,860
J_row2_col7_10x10,J,heart,10x10,False,J_p0,J_p0_u5,1,4900,1720,700,860
J_row2_col8_10x10,J,heart,10x10,False,J_p0,J_p0_u10,2,5600,1720,700,860
J_row2_col9_10x10,J,heart,10x10,False,J_p0,J_p0_u10,2,6300,1720,700,860
J_row3_col10_10x10,J,heart,10x10,False,J_p0,J_p0_u14,3,7000,2580,700,860
J_row3_col11_10x10,J,heart,10x10,False,J_p0,J_p0_u14,3,7700,2580,700,860
J_row3_col4_5x5,J,heart,5x5,False,J_p0,J_p0_u12,3,5600,5160,1400,1720
J_row3_col5_10x10_masked,J,heart,10x10,True,J_p0,J_p0_u1,0,3500,2580,700,860
J_row3_col5_5x5,J,heart,5x5,False,J_p0,J_p0_u16,4,7000,5160,1400,1720
J_row3_col6_10x10,J,heart,10x10,False,J_p0,J_p0_u5,1,4200,2580,700,860
J_row3_col7_10x10,J,heart,10x10,False,J_p0,J_p0_u5,1,4900,2580,700,860
J_row3_col8_10x10,J,heart,10x10,False,J_p0,J_p0_u10,2,5600,2580,700,860
J_row3_col9_10x10,J,heart,10x10,False,J_p0,J_p0_u10,2,6300,2580,700,860
J_row4_col10_10x10,J,heart,10x10,False,J_p0,J_p0_u15,4,7000,3440,700,860
J_row4_col11_10x10,J,heart,10x10,False,J_p0,J_p0_u15,4,7700,3440,700,860
J_row4_col6_10x10,J,heart,10x10,False,J_p0,J_p0_u2,0,4200,3440,700,860
J_row4_col7_10x10,J,heart,10x10,False,J_p0,J_p0_u6,1,4900,3440,700,860
J_row4_col8_10x10,J,heart,10x10,False,J_p0,J_p0_u11,2,5600,3440,700,860
J_row4_col9_10x10,J,heart,10x10,False,J_p0,J_p0_u11,2,6300,3440,700,860
J_row5_col10_10x10,J,heart,10x10,False,J_p0,J_p0_u15,4,7000,4300,700,860
J_row5_col11_10x10,J,heart,10x10,False,J_p0,J_p0_u15,4,7700,4300,700,860
J_row5_col7_10x10,J,heart,10x10,False,J_p0,J_p0_u7,1,4900,4300,700,860
J_row5_col9_10x10,J,heart,10x10,False,J_p0,J_p0_u11,2,6300,4300,700,860
J_row6_col10_10x10,J,heart,10x10,False,J_p0,J_p0_u16,4,7000,5160,700,860
J_row6_col11_10x10,J,heart,10x10,False,J_p0,J_p0_u16,4,7700,5160,700,860
J_row6_col9_10x10,J,heart,10x10,False,J_p0,J_p0_u12,3,6300,5160,700,860
J_row7_col10_10x10,J,heart,10x10,False,J_p0,J_p0_u16,4,7000,6020,700,860
J_row7_col11_10x10,J,heart,10x10,False,J_p0,J_p0_u16,4,7700,6020,700,860
J_row7_col6_10x10,J,heart,10x10,False,J_p0,J_p0_u3,0,4200,6020,700,860
J_row7_col7_10x10,J,heart,10x10,False,J_p0,J_p0_u8,1,4900,6020,700,860
J_row7_col8_10x10,J,heart,10x10,False,J_p0,J_p0_u12,3,5600,6020,700,860
J_row7_col9_10x10,J,heart,10x10,False,J_p0,J_p0_u12,3,6300,6020,700,860
K_row0_col0_5x5,K,heart,5x5,False,K_p0,K_p0_u0,0,0,0,2089,1869
K_row0_col1_5x5,K,heart,5x5,False,K_p0,K_p0_u2,0,2089,0,2089,1869
K_row0_col2_5x5,K,heart,5x5,False,K_p0,K_p0_u1,0,4178,0,2089,1869
K_row10_col7_10x10_masked,K,heart,10x10,True,K_p0,K_p0_u15,4,7308,9340,1044,934
K_row1_col0_5x5,K,heart,5x5,False,K_p0,K_p0_u6,2,0,1869,2089,1869
K_row1_col1_10x10,K,heart,10x10,False,K_p0,K_p0_u0,0,1044,934,1044,934
K_row1_col1_5x5,K,heart,5x5,False,K_p0,K_p0_u3,0,2089,1869,2089,1869
K_row1_col2_10x10,K,heart,10x10,False,K_p0,K_p0_u2,0,2088,934,1044,934
K_row1_col2_5x5,K,heart,5x5,False,K_p0,K_p0_u4,1,4178,1869,2089,1869
K_row1_col3_10x10,K,heart,10x10,False,K_p0,K_p0_u2,0,3132,934,1044,934
K_row1_col3_5x5,K,heart,5x5,False,K_p0,K_p0_u5,1,6267,1869,2089,1869
K_row1_col4_10x10,K,heart,10x10,False,K_p0,K_p0_u1,0,4176,934,1044,934
K_row2_col0_5x5_masked,K,heart,5x5,True,K_p0,K_p0_u7,2,0,3738,2089,1869
K_row2_col1_10x10,K,heart,10x10,False,K_p0,K_p0_u6,2,1044,1868,1044,934
K_row2_col1_5x5_masked,K,heart,5x5,True,K_p0,K_p0_u8,2,2089,3738,2089,1869
K_row2_col2_10x10,K,heart,10x10,False,K_p0,K_p0_u3,0,2088,1868,1044,934
K_row2_col2_5x5,K,heart,5x5,False,K_p0,K_p0_u9,3,4178,3738,2089,1869
K_row2_col3_10x10,K,heart,10x10,False,K_p0,K_p0_u3,0,3132,1868,1044,934
K_row2_col3_5x5_masked,K,heart,5x5,True,K_p0,K_p0_u10,3,6267,3738,2089,1869
K_row2_col4_10x10,K,heart,10x10,False,K_p0,K_p0_u4,1,4176,1868,1044,934
K_row2_col5_10x10,K,heart,10x10,False,K_p0,K_p0_u4,1,5220,1868,1044,934
K_row2_col6_10x10,K,heart,10x10,False,K_p0,K_p0_u5,1,6264,1868,1044,934
K_row3_col0_10x10,K,heart,10x10,False,K_p0,K_p0_u6,2,0,2802,1044,934
K_row3_col1_10x10,K,heart,10x10,False,K_p0,K_p0_u6,2,1044,2802,1044,934
K_row3_col1_5x5_masked,K,heart,5x5,True,K_p0,K_p0_u13,4,2089,5607,2089,1869
K_row3_col2_10x10,K,heart,10x10,False,K_p0,K_p0_u3,0,2088,2802,1044,934
K_row3_col2_5x5,K,heart,5x5,False,K_p0,K_p0_u14,4,4178,5607,2089,1869
K_row3_col3_10x10,K,heart,10x10,False,K_p0,K_p0_u3,0,3132,2802,1044,934
K_row3_col4_10x10,K,heart,10x10,False,K_p0,K_p0_u4,1,4176,2802,1044,934
K_row3_col5_10x10,K,heart,10x10,False,K_p0,K_p0_u4,1,5220,2802,1044,934
K_row3_col6_10x10,K,heart,10x10,False,K_p0,K_p0_u5,1,6264,2802,1044,934
K_row4_col0_10x10_masked,K,heart,10x10,True,K_p0,K_p0_u7,2,0,3736,1044,934
K_row4_col1_10x10,K,heart,10x10,False,K_p0,K_p0_u7,2,1044,3736,1044,934
K_row4_col2_10x10,K,heart,10x10,False,K_p0,K_p0_u8,2,2088,3736,1044,934
K_row4_col3_10x10,K,heart,10x10,False,K_p0,K_p0_u8,2,3132,3736,1044,934
K_row4_col4_10x10,K,heart,10x10,False,K_p0,K_p0_u9,3,4176,3736,1044,934
K_row4_col5_10x10,K,heart,10x10,False,K_p0,K_p0_u9,3,5220,3736,1044,934
K_row4_col6_10x10,K,heart,10x10,False,K_p0,K_p0_u10,3,6264,3736,1044,934
K_row4_col7_10x10_masked,K,heart,10x10,True,K_p0,K_p0_u10,3,7308,3736,1044,934
K_row5_col1_10x10_masked,K,heart,10x10,True,K_p0,K_p0_u7,2,1044,4670,1044,934
K_row5_col2_10x10_masked,K,heart,10x10,True,K_p0,K_p0_u8,2,2088,4670,1044,934
K_row5_col5_10x10,K,heart,10x10,False,K_p0,K_p0_u9,3,5220,4670,1044,934
K_row5_col6_10x10,K,heart,10x10,False,K_p0,K_p0_u10,3,6264,4670,1044,934
K_row5_col7_10x10_masked,K,heart,10x10,True,K_p0,K_p0_u10,3,7308,4670,1044,934
K_row6_col2_10x10_masked,K,heart,10x10,True,K_p0,K_p0_u13,4,2088,5604,1044,934
K_row6_col3_10x10_masked,K,heart,10x10,True,K_p0,K_p0_u13,4,3132,5604,1044,934
K_row6_col4_10x10,K,heart,10x10,False,K_p0,K_p0_u14,4,4176,5604,1044,934
K_row6_col5_10x10,K,heart,10x10,False,K_p0,K_p0_u14,4,5220,5604,1044,934
K_row6_col6_10x10,K,heart,10x10,False,K_p0,K_p0_u11,3,6264,5604,1044,934
K_row6_col7_10x10_masked,K,heart,10x10,True,K_p0,K_p0_u12,4,7308,5604,1044,934
K_row7_col3_10x10_masked,K,heart,10x10,True,K_p0,K_p0_u13,4,3132,6538,1044,934
K_row7_col4_10x10_masked,K,heart,10x10,True,K_p0,K_p0_u14,4,4176,6538,1044,934
K_row7_col5_10x10,K,heart,10x10,False,K_p0,K_p0_u14,4,5220,6538,1044,934
Z_row1_col1_5x5_masked,D,brain,5x5,True,D_p1,D_p1_u0,0,2200,2180,2200,2180
Z_row1_col2_10x10,D,brain,10x10,False,D_p1,D_p1_u1,1,2200,1090,1100,1090
Z_row1_col3_10x10,D,brain,10x10,False,D_p1,D_p1_u1,1,3300,1090,1100,1090
Z_row1_col3_5x5_masked,D,brain,5x5,True,D_p1,D_p1_u7,4,6600,2180,2200,2180
Z_row1_col4_10x10,D,brain,10x10,False,D_p1,D_p1_u3,1,4400,1090,1100,1090
Z_row2_col1_5x5_masked,D,brain,5x5,True,D_p1,D_p1_u2,1,2200,4360,2200,2180
Z_row2_col2_10x10,D,brain,10x10,False,D_p1,D_p1_u0,0,2200,2180,1100,1090
Z_row2_col3_10x10,D,brain,10x10,False,D_p1,D_p1_u0,0,3300,2180,1100,1090
Z_row2_col3_5x5_masked,D,brain,5x5,True,D_p1,D_p1_u6,4,6600,4360,2200,2180
Z_row2_col4_10x10,D,brain,10x10,False,D_p1,D_p1_u4,2,4400,2180,1100,1090
Z_row2_col5_10x10,D,brain,10x10,False,D_p1,D_p1_u4,2,5500,2180,1100,1090
Z_row2_col6_10x10,D,brain,10x10,False,D_p1,D_p1_u7,4,6600,2180,1100,1090
Z_row3_col2_10x10_masked,D,brain,10x10,True,D_p1,D_p1_u0,0,2200,3270,1100,1090
Z_row3_col3_10x10_masked,D,brain,10x10,True,D_p1,D_p1_u0,0,3300,3270,1100,1090
Z_row3_col4_10x10,D,brain,10x10,False,D_p1,D_p1_u4,2,4400,3270,1100,1090
Z_row3_col5_10x10,D,brain,10x10,False,D_p1,D_p1_u4,2,5500,3270,1100,1090
Z_row3_col6_10x10,D,brain,10x10,False,D_p1,D_p1_u7,4,6600,3270,1100,1090
Z_row3_col7_10x10_masked,D,brain,10x10,True,D_p1,D_p1_u7,4,7700,3270,1100,1090
Z_row4_col2_10x10_masked,D,brain,10x10,True,D_p1,D_p1_u2,1,2200,4360,1100,1090
Z_row4_col3_10x10_masked,D,brain,10x10,True,D_p1,D_p1_u2,1,3300,4360,1100,1090
Z_row4_col4_10x10,D,brain,10x10,False,D_p1,D_p1_u5,3,4400,4360,1100,1090
Z_row4_col5_10x10,D,brain,10x10,False,D_p1,D_p1_u5,3,5500,4360,1100,1090
Z_row4_col6_10x10,D,brain,10x10,False,D_p1,D_p1_u6,4,6600,4360,1100,1090
Z_row5_col4_10x10_masked,D,brain,10x10,True,D_p1,D_p1_u5,3,4400,5450,1100,1090
Z_row5_col5_10x10,D,brain,10x10,False,D_p1,D_p1_u5,3,5500,5450,1100,1090
Z_row5_col6_10x10,D,brain,10x10,False,D_p1,D_p1_u6,4,6600,5450,1100,1090
Zpart1_row0_col1_5x5,D,brain,5x5,False,D_p1,D_p1_u1,1,2200,0,2200,2180
Zpart1_row1_col2_5x5,D,brain,5x5,False,D_p1,D_p1_u4,2,4400,2180,2200,2180
Zpart1_row2_col2_5x5,D,brain,5x5,False,D_p1,D_p1_u5,3,4400,4360,2200,2180
