tile_id,specimen,tissue,scale,masked,frame,unit,block,band,role_f0,role_f1,role_f2,role_f3,role_f4,x,y,w,h
A_row0_col2_5x5,A,brain,5x5,False,A_p0,A_p0_u7,A_p0_b7,1,val,test,train,train,train,3020,0,1510,1661
A_row0_col3_5x5,A,brain,5x5,False,A_p0,A_p0_u11,A_p0_b11,2,train,val,test,train,train,4530,0,1510,1661
A_row0_col6_10x10,A,brain,10x10,False,A_p0,A_p0_u11,A_p0_b11,2,train,val,test,train,train,4530,0,755,830
A_row1_col1_5x5,A,brain,5x5,False,A_p0,A_p0_u6,A_p0_b6,1,val,test,train,train,train,1510,1661,1510,1661
A_row1_col2_5x5,A,brain,5x5,False,A_p0,A_p0_u8,A_p0_b8,1,val,test,train,train,train,3020,1661,1510,1661
A_row1_col3_5x5,A,brain,5x5,False,A_p0,A_p0_u12,A_p0_b12,2,train,val,test,train,train,4530,1661,1510,1661
A_row1_col4_10x10,A,brain,10x10,False,A_p0,A_p0_u7,A_p0_b7,1,val,test,train,train,train,3020,830,755,830
A_row1_col4_5x5,A,brain,5x5,False,A_p0,A_p0_u20,A_p0_b20,4,train,train,train,val,test,6040,1661,1510,1661
A_row1_col5_10x10,A,brain,10x10,False,A_p0,A_p0_u7,A_p0_b7,1,val,test,train,train,train,3775,830,755,830
A_row1_col5_5x5,A,brain,5x5,False,A_p0,A_p0_u27,A_p0_b27,4,train,train,train,val,test,7550,1661,1510,1661
A_row1_col6_10x10,A,brain,10x10,False,A_p0,A_p0_u11,A_p0_b11,2,train,val,test,train,train,4530,830,755,830
A_row1_col7_10x10,A,brain,10x10,False,A_p0,A_p0_u11,A_p0_b11,2,train,val,test,train,train,5285,830,755,830
A_row1_col8_10x10,A,brain,10x10,False,A_p0,A_p0_u16,A_p0_b16,3,train,train,val,test,val,6040,830,755,830
A_row1_col9_10x10,A,brain,10x10,False,A_p0,A_p0_u22,A_p0_b22,4,train,train,train,val,test,6795,830,755,830
A_row2_col0_5x5,A,brain,5x5,False,A_p0,A_p0_u0,A_p0_b0,0,test,train,train,train,train,0,3322,1510,1661
A_row2_col1_5x5,A,brain,5x5,False,A_p0,A_p0_u3,A_p0_b3,0,test,train,train,train,train,1510,3322,1510,1661
A_row2_col2_5x5,A,brain,5x5,False,A_p0,A_p0_u9,A_p0_b9,1,val,test,train,train,train,3020,3322,1510,1661
A_row2_col3_10x10,A,brain,10x10,False,A_p0,A_p0_u6,A_p0_b6,1,val,test,train,train,train,2265,1660,755,830
A_row2_col3_5x5,A,brain,5x5,False,A_p0,A_p0_u13,A_p0_b13,3,train,train,val,test,val,4530,3322,1510,1661
A_row2_col4_10x10,A,brain,10x10,False,A_p0,A_p0_u8,A_p0_b8,1,val,test,train,train,train,3020,1660,755,830
A_row2_col5_10x10,A,brain,10x10,False,A_p0,A_p0_u8,A_p0_b8,1,val,test,train,train,train,3775,1660,755,830
A_row2_col6_10x10,A,brain,10x10,False,A_p0,A_p0_u12,A_p0_b12,2,train,val,test,train,train,4530,1660,755,830
A_row2_col7_10x10,A,brain,10x10,False,A_p0,A_p0_u12,A_p0_b12,2,train,val,test,train,train,5285,1660,755,830
A_row2_col8_10x10,A,brain,10x10,False,A_p0,A_p0_u20,A_p0_b20,4,train,train,train,val,test,6040,1660,755,830
A_row3_col10_10x10,A,brain,10x10,False,A_p0,A_p0_u27,A_p0_b27,4,train,train,train,val,test,7550,2490,755,830
A_row3_col1_5x5,A,brain,5x5,False,A_p0,A_p0_u4,A_p0_b4,0,test,train,train,train,train,1510,4983,1510,1661
A_row3_col2_10x10,A,brain,10x10,False,A_p0,A_p0_u6,A_p0_b6,1,val,test,train,train,train,1510,2490,755,830
A_row3_col2_5x5,A,brain,5x5,False,A_p0,A_p0_u10,A_p0_b10,2,train,val,test,train,train,3020,4983,1510,1661
A_row3_col3_10x10,A,brain,10x10,False,A_p0,A_p0_u6,A_p0_b6,1,val,test,train,train,train,2265,2490,755,830
A_row3_col3_5x5,A,brain,5x5,False,A_p0,A_p0_u14,A_p0_b14,3,train,train,val,test,val,4530,4983,1510,1661
A_row3_col4_10x10,A,brain,10x10,False,A_p0,A_p0_u8,A_p0_b8,1,val,test,train,train,train,3020,2490,755,830
A_row3_col4_5x5,A,brain,5x5,False,A_p0,A_p0_u21,A_p0_b21,4,train,train,train,val,test,6040,4983,1510,1661
A_row3_col5_10x10,A,brain,10x10,False,A_p0,A_p0_u8,A_p0_b8,1,val,test,train,train,train,3775,2490,755,830
A_row3_col5_5x5,A,brain,5x5,False,A_p0,A_p0_u28,A_p0_b28,4,train,train,train,val,test,7550,4983,1510,1661
A_row3_col6_10x10,A,brain,10x10,False,A_p0,A_p0_u12,A_p0_b12,2,train,val,test,train,train,4530,2490,755,830
A_row3_col7_10x10,A,brain,10x10,False,A_p0,A_p0_u12,A_p0_b12,2,train,val,test,train,train,5285,2490,755,830
A_row3_col8_10x10,A,brain,10x10,False,A_p0,A_p0_u20,A_p0_b20,4,train,train,train,val,test,6040,2490,755,830
A_row4_col10_10x10,A,brain,10x10,False,A_p0,A_p0_u24,A_p0_b24,4,train,train,train,val,test,7550,3320,755,830
A_row4_col1_10x10,A,brain,10x10,False,A_p0,A_p0_u0,A_p0_b0,0,test,train,train,train,train,755,3320,755,830
A_row4_col1_5x5,A,brain,5x5,False,A_p0,A_p0_u5,A_p0_b5,0,test,train,train,train,train,1510,6644,1510,1661
A_row4_col2_10x10,A,brain,10x10,False,A_p0,A_p0_u3,A_p0_b3,0,test,train,train,train,train,1510,3320,755,830
A_row4_col3_10x10,A,brain,10x10,False,A_p0,A_p0_u3,A_p0_b3,0,test,train,train,train,train,2265,3320,755,830
A_row4_col4_10x10,A,brain,10x10,False,A_p0,A_p0_u9,A_p0_b9,1,val,test,train,train,train,3020,3320,755,830
A_row4_col5_10x10,A,brain,10x10,False,A_p0,A_p0_u9,A_p0_b9,1,val,test,train,train,train,3775,3320,755,830
A_row4_col6_10x10,A,brain,10x10,False,A_p0,A_p0_u13,A_p0_b13,3,train,train,val,test,val,4530,3320,755,830
A_row4_col7_10x10,A,brain,10x10,False,A_p0,A_p0_u13,A_p0_b13,3,train,train,val,test,val,5285,3320,755,830
A_row4_col8_10x10,A,brain,10x10,False,A_p0,A_p0_u17,A_p0_b17,3,train,train,val,test,val,6040,3320,755,830
A_row5_col10_10x10,A,brain,10x10,False,A_p0,A_p0_u25,A_p0_b25,4,train,train,train,val,test,7550,4150,755,830
A_row5_col2_10x10,A,brain,10x10,False,A_p0,A_p0_u3,A_p0_b3,0,test,train,train,train,train,1510,4150,755,830
A_row5_col3_10x10,A,brain,10x10,False,A_p0,A_p0_u3,A_p0_b3,0,test,train,train,train,train,2265,4150,755,830
A_row5_col4_10x10,A,brain,10x10,False,A_p0,A_p0_u9,A_p0_b9,1,val,test,train,train,train,3020,4150,755,830
A_row5_col5_10x10,A,brain,10x10,False,A_p0,A_p0_u9,A_p0_b9,1,val,test,train,train,train,3775,4150,755,830
A_row5_col6_10x10,A,brain,10x10,False,A_p0,A_p0_u13,A_p0_b13,3,train,train,val,test,val,4530,4150,755,830
A_row5_col7_10x10,A,brain,10x10,False,A_p0,A_p0_u13,A_p0_b13,3,train,train,val,test,val,5285,4150,755,830
A_row5_col8_10x10,A,brain,10x10,False,A_p0,A_p0_u18,A_p0_b18,3,train,train,val,test,val,6040,4150,755,830
A_row5_col9_10x10,A,brain,10x10,False,A_p0,A_p0_u23,A_p0_b23,4,train,train,train,val,test,6795,4150,755,830
A_row6_col1_10x10,A,brain,10x10,False,A_p0,A_p0_u1,A_p0_b1,0,test,train,train,train,train,755,4980,755,830
A_row6_col2_10x10,A,brain,10x10,False,A_p0,A_p0_u4,A_p0_b4,0,test,train,train,train,train,1510,4980,755,830
A_row6_col3_10x10,A,brain,10x10,False,A_p0,A_p0_u4,A_p0_b4,0,test,train,train,train,train,2265,4980,755,830
A_row6_col4_10x10,A,brain,10x10,False,A_p0,A_p0_u10,A_p0_b10,2,train,val,test,train,train,3020,4980,755,830
A_row6_col5_10x10,A,brain,10x10,False,A_p0,A_p0_u10,A_p0_b10,2,train,val,test,train,train,3775,4980,755,830
A_row6_col6_10x10,A,brain,10x10,False,A_p0,A_p0_u14,A_p0_b14,3,train,train,val,test,val,4530,4980,755,830
A_row6_col7_10x10,A,brain,10x10,False,A_p0,A_p0_u14,A_p0_b14,3,train,train,val,test,val,5285,4980,755,830
A_row6_col8_10x10,A,brain,10x10,False,A_p0,A_p0_u21,A_p0_b21,4,train,train,train,val,test,6040,4980,755,830
A_row6_col9_10x10,A,brain,10x10,False,A_p0,A_p0_u21,A_p0_b21,4,train,train,train,val,test,6795,4980,755,830
A_row7_col10_10x10,A,brain,10x10,False,A_p0,A_p0_u28,A_p0_b28,4,train,train,train,val,test,7550,5810,755,830
A_row7_col1_10x10,A,brain,10x10,False,A_p0,A_p0_u2,A_p0_b2,0,test,train,train,train,train,755,5810,755,830
A_row7_col2_10x10,A,brain,10x10,False,A_p0,A_p0_u4,A_p0_b4,0,test,train,train,train,train,1510,5810,755,830
A_row7_col3_10x10,A,brain,10x10,False,A_p0,A_p0_u4,A_p0_b4,0,test,train,train,train,train,2265,5810,755,830
A_row7_col4_10x10,A,brain,10x10,False,A_p0,A_p0_u10,A_p0_b10,2,train,val,test,train,train,3020,5810,755,830
A_row7_col5_10x10,A,brain,10x10,False,A_p0,A_p0_u10,A_p0_b10,2,train,val,test,train,train,3775,5810,755,830
A_row7_col6_10x10,A,brain,10x10,False,A_p0,A_p0_u14,A_p0_b14,3,train,train,val,test,val,4530,5810,755,830
A_row7_col7_10x10,A,brain,10x10,False,A_p0,A_p0_u14,A_p0_b14,3,train,train,val,test,val,5285,5810,755,830
A_row7_col8_10x10,A,brain,10x10,False,A_p0,A_p0_u21,A_p0_b21,4,train,train,train,val,test,6040,5810,755,830
A_row8_col10_10x10,A,brain,10x10,False,A_p0,A_p0_u26,A_p0_b26,4,train,train,train,val,test,7550,6640,755,830
A_row8_col2_10x10,A,brain,10x10,False,A_p0,A_p0_u5,A_p0_b5,0,test,train,train,train,train,1510,6640,755,830
A_row8_col3_10x10,A,brain,10x10,False,A_p0,A_p0_u5,A_p0_b5,0,test,train,train,train,train,2265,6640,755,830
A_row8_col7_10x10,A,brain,10x10,False,A_p0,A_p0_u15,A_p0_b15,3,train,train,val,test,val,5285,6640,755,830
A_row8_col8_10x10,A,brain,10x10,False,A_p0,A_p0_u19,A_p0_b19,3,train,train,val,test,val,6040,6640,755,830
B_row0_col3_10x10,B,heart,10x10,False,B_p0,B_p0_u0,B_p0_b0,0,test,train,train,train,train,2235,0,745,559
B_row10_col1_10x10,B,heart,10x10,False,B_p0,B_p0_u17,B_p0_b17,4,train,train,train,val,test,745,5590,745,559
B_row10_col2_10x10,B,heart,10x10,False,B_p0,B_p0_u18,B_p0_b18,4,train,train,train,val,test,1490,5590,745,559
B_row10_col3_10x10,B,heart,10x10,False,B_p0,B_p0_u18,B_p0_b18,4,train,train,train,val,test,2235,5590,745,559
B_row10_col4_10x10,B,heart,10x10,False,B_p0,B_p0_u16,B_p0_b16,4,train,train,train,val,test,2980,5590,745,559
B_row11_col2_10x10,B,heart,10x10,False,B_p0,B_p0_u18,B_p0_b18,4,train,train,train,val,test,1490,6149,745,559
B_row11_col3_10x10,B,heart,10x10,False,B_p0,B_p0_u18,B_p0_b18,4,train,train,train,val,test,2235,6149,745,559
B_row1_col1_5x5,B,heart,5x5,False,B_p0,B_p0_u2,B_p0_b2,0,test,train,train,train,train,1491,1118,1491,1118
B_row1_col2_5x5,B,heart,5x5,False,B_p0,B_p0_u1,B_p0_b1,0,test,train,train,train,train,2982,1118,1491,1118
B_row2_col0_5x5,B,heart,5x5,False,B_p0,B_p0_u6,B_p0_b6,1,val,test,train,train,train,0,2236,1491,1118
B_row2_col1_5x5,B,heart,5x5,False,B_p0,B_p0_u4,B_p0_b4,0,test,train,train,train,train,1491,2236,1491,1118
B_row2_col2_5x5,B,heart,5x5,False,B_p0,B_p0_u5,B_p0_b5,1,val,test,train,train,train,2982,2236,1491,1118
B_row3_col0_5x5,B,heart,5x5,False,B_p0,B_p0_u9,B_p0_b9,2,train,val,test,train,train,0,3354,1491,1118
B_row3_col1_10x10,B,heart,10x10,False,B_p0,B_p0_u3,B_p0_b3,0,test,train,train,train,train,745,1677,745,559
B_row3_col1_5x5,B,heart,5x5,False,B_p0,B_p0_u10,B_p0_b10,2,train,val,test,train,train,1491,3354,1491,1118
B_row3_col2_10x10,B,heart,10x10,False,B_p0,B_p0_u2,B_p0_b2,0,test,train,train,train,train,1490,1677,745,559
B_row3_col2_5x5,B,heart,5x5,False,B_p0,B_p0_u11,B_p0_b11,3,train,train,val,test,val,2982,3354,1491,1118
B_row3_col3_10x10,B,heart,10x10,False,B_p0,B_p0_u2,B_p0_b2,0,test,train,train,train,train,2235,1677,745,559
B_row3_col4_10x10,B,heart,10x10,False,B_p0,B_p0_u1,B_p0_b1,0,test,train,train,train,train,2980,1677,745,559
B_row4_col0_5x5,B,heart,5x5,False,B_p0,B_p0_u13,B_p0_b13,3,train,train,val,test,val,0,4472,1491,1118
B_row4_col1_10x10,B,heart,10x10,False,B_p0,B_p0_u6,B_p0_b6,1,val,test,train,train,train,745,2236,745,559
B_row4_col1_5x5,B,heart,5x5,False,B_p0,B_p0_u14,B_p0_b14,3,train,train,val,test,val,1491,4472,1491,1118
B_row4_col2_10x10,B,heart,10x10,False,B_p0,B_p0_u4,B_p0_b4,0,test,train,train,train,train,1490,2236,745,559
B_row4_col3_10x10,B,heart,10x10,False,B_p0,B_p0_u4,B_p0_b4,0,test,train,train,train,train,2235,2236,745,559
B_row4_col4_10x10,B,heart,10x10,False,B_p0,B_p0_u5,B_p0_b5,1,val,test,train,train,train,2980,2236,745,559
B_row4_col5_10x10,B,heart,10x10,False,B_p0,B_p0_u5,B_p0_b5,1,val,test,train,train,train,3725,2236,745,559
B_row5_col0_10x10,B,heart,10x10,False,B_p0,B_p0_u6,B_p0_b6,1,val,test,train,train,train,0,2795,745,559
B_row5_col0_5x5,B,heart,5x5,False,B_p0,B_p0_u17,B_p0_b17,4,train,train,train,val,test,0,5590,1491,1118
B_row5_col1_10x10,B,heart,10x10,False,B_p0,B_p0_u6,B_p0_b6,1,val,test,train,train,train,745,2795,745,559
B_row5_col1_5x5,B,heart,5x5,False,B_p0,B_p0_u18,B_p0_b18,4,train,train,train,val,test,1491,5590,1491,1118
B_row5_col2_10x10,B,heart,10x10,False,B_p0,B_p0_u4,B_p0_b4,0,test,train,train,train,train,1490,2795,745,559
B_row5_col3_10x10,B,heart,10x10,False,B_p0,B_p0_u4,B_p0_b4,0,test,train,train,train,train,2235,2795,745,559
B_row5_col4_10x10,B,heart,10x10,False,B_p0,B_p0_u5,B_p0_b5,1,val,test,train,train,train,2980,2795,745,559
B_row5_col5_10x10,B,heart,10x10,False,B_p0,B_p0_u5,B_p0_b5,1,val,test,train,train,train,3725,2795,745,559
B_row5_col6_10x10,B,heart,10x10,False,B_p0,B_p0_u7,B_p0_b7,1,val,test,train,train,train,4470,2795,745,559
B_row6_col0_10x10,B,heart,10x10,False,B_p0,B_p0_u9,B_p0_b9,2,train,val,test,train,train,0,3354,745,559
B_row6_col1_10x10,B,heart,10x10,False,B_p0,B_p0_u9,B_p0_b9,2,train,val,test,train,train,745,3354,745,559
B_row6_col2_10x10,B,heart,10x10,False,B_p0,B_p0_u10,B_p0_b10,2,train,val,test,train,train,1490,3354,745,559
B_row6_col3_10x10,B,heart,10x10,False,B_p0,B_p0_u10,B_p0_b10,2,train,val,test,train,train,2235,3354,745,559
B_row6_col4_10x10,B,heart,10x10,False,B_p0,B_p0_u11,B_p0_b11,3,train,train,val,test,val,2980,3354,745,559
B_row6_col6_10x10,B,heart,10x10,False,B_p0,B_p0_u8,B_p0_b8,2,train,val,test,train,train,4470,3354,745,559
B_row7_col0_10x10,B,heart,10x10,False,B_p0,B_p0_u9,B_p0_b9,2,train,val,test,train,train,0,3913,745,559
B_row7_col1_10x10,B,heart,10x10,False,B_p0,B_p0_u9,B_p0_b9,2,train,val,test,train,train,745,3913,745,559
B_row7_col2_10x10,B,heart,10x10,False,B_p0,B_p0_u10,B_p0_b10,2,train,val,test,train,train,1490,3913,745,559
B_row7_col3_10x10,B,heart,10x10,False,B_p0,B_p0_u10,B_p0_b10,2,train,val,test,train,train,2235,3913,745,559
B_row7_col4_10x10,B,heart,10x10,False,B_p0,B_p0_u11,B_p0_b11,3,train,train,val,test,val,2980,3913,745,559
B_row7_col5_10x10,B,heart,10x10,False,B_p0,B_p0_u11,B_p0_b11,3,train,train,val,test,val,3725,3913,745,559
B_row8_col1_10x10,B,heart,10x10,False,B_p0,B_p0_u13,B_p0_b13,3,train,train,val,test,val,745,4472,745,559
B_row8_col2_10x10,B,heart,10x10,False,B_p0,B_p0_u14,B_p0_b14,3,train,train,val,test,val,1490,4472,745,559
B_row8_col3_10x10,B,heart,10x10,False,B_p0,B_p0_u14,B_p0_b14,3,train,train,val,test,val,2235,4472,745,559
B_row8_col4_10x10,B,heart,10x10,False,B_p0,B_p0_u12,B_p0_b12,3,train,train,val,test,val,2980,4472,745,559
B_row9_col1_10x10,B,heart,10x10,False,B_p0,B_p0_u13,B_p0_b13,3,train,train,val,test,val,745,5031,745,559
B_row9_col2_10x10,B,heart,10x10,False,B_p0,B_p0_u14,B_p0_b14,3,train,train,val,test,val,1490,5031,745,559
B_row9_col3_10x10,B,heart,10x10,False,B_p0,B_p0_u14,B_p0_b14,3,train,train,val,test,val,2235,5031,745,559
B_row9_col4_10x10,B,heart,10x10,False,B_p0,B_p0_u15,B_p0_b15,4,train,train,train,val,test,2980,5031,745,559
C_row0_col10_10x10,C,heart,10x10,False,C_p0,C_p0_u13,C_p0_b13,3,train,train,val,test,val,6530,0,653,922
C_row0_col1_5x5,C,heart,5x5,False,C_p0,C_p0_u2,C_p0_b2,0,test,train,train,train,train,1307,0,1307,1844
C_row0_col2_5x5,C,heart,5x5,False,C_p0,C_p0_u6,C_p0_b6,2,train,val,test,train,train,2614,0,1307,1844
C_row0_col3_5x5,C,heart,5x5,False,C_p0,C_p0_u9,C_p0_b9,2,train,val,test,train,train,3921,0,1307,1844
C_row0_col4_5x5,C,heart,5x5,False,C_p0,C_p0_u10,C_p0_b10,3,train,train,val,test,val,5228,0,1307,1844
C_row0_col5_10x10,C,heart,10x10,False,C_p0,C_p0_u6,C_p0_b6,2,train,val,test,train,train,3265,0,653,922
C_row0_col5_5x5,C,heart,5x5,False,C_p0,C_p0_u13,C_p0_b13,3,train,train,val,test,val,6535,0,1307,1844
C_row0_col6_10x10,C,heart,10x10,False,C_p0,C_p0_u9,C_p0_b9,2,train,val,test,train,train,3918,0,653,922
C_row0_col6_5x5,C,heart,5x5,False,C_p0,C_p0_u16,C_p0_b16,4,train,train,train,val,test,7842,0,1307,1844
C_row0_col7_10x10,C,heart,10x10,False,C_p0,C_p0_u9,C_p0_b9,2,train,val,test,train,train,4571,0,653,922
C_row0_col8_10x10,C,heart,10x10,False,C_p0,C_p0_u10,C_p0_b10,3,train,train,val,test,val,5224,0,653,922
C_row0_col9_10x10,C,heart,10x10,False,C_p0,C_p0_u10,C_p0_b10,3,train,train,val,test,val,5877,0,653,922
C_row1_col0_5x5,C,heart,5x5,False,C_p0,C_p0_u0,C_p0_b0,0,test,train,train,train,train,0,1844,1307,1844
C_row1_col10_10x10,C,heart,10x10,False,C_p0,C_p0_u13,C_p0_b13,3,train,train,val,test,val,6530,922,653,922
C_row1_col11_10x10,C,heart,10x10,False,C_p0,C_p0_u13,C_p0_b13,3,train,train,val,test,val,7183,922,653,922
C_row1_col12_10x10,C,heart,10x10,False,C_p0,C_p0_u16,C_p0_b16,4,train,train,train,val,test,7836,922,653,922
C_row1_col13_10x10,C,heart,10x10,False,C_p0,C_p0_u16,C_p0_b16,4,train,train,train,val,test,8489,922,653,922
C_row1_col1_5x5,C,heart,5x5,False,C_p0,C_p0_u1,C_p0_b1,0,test,train,train,train,train,1307,1844,1307,1844
C_row1_col2_5x5,C,heart,5x5,False,C_p0,C_p0_u4,C_p0_b4,1,val,test,train,train,train,2614,1844,1307,1844
C_row1_col3_10x10,C,heart,10x10,False,C_p0,C_p0_u2,C_p0_b2,0,test,train,train,train,train,1959,922,653,922
C_row1_col4_10x10,C,heart,10x10,False,C_p0,C_p0_u6,C_p0_b6,2,train,val,test,train,train,2612,922,653,922
C_row1_col5_10x10,C,heart,10x10,False,C_p0,C_p0_u6,C_p0_b6,2,train,val,test,train,train,3265,922,653,922
C_row1_col5_5x5_masked,C,heart,5x5,True,C_p0,C_p0_u14,C_p0_b14,4,train,train,train,val,test,6535,1844,1307,1844
C_row1_col6_10x10,C,heart,10x10,False,C_p0,C_p0_u9,C_p0_b9,2,train,val,test,train,train,3918,922,653,922
C_row1_col6_5x5_masked,C,heart,5x5,True,C_p0,C_p0_u15,C_p0_b15,4,train,train,train,val,test,7842,1844,1307,1844
C_row1_col7_10x10,C,heart,10x10,False,C_p0,C_p0_u9,C_p0_b9,2,train,val,test,train,train,4571,922,653,922
C_row1_col9_10x10,C,heart,10x10,False,C_p0,C_p0_u10,C_p0_b10,3,train,train,val,test,val,5877,922,653,922
C_row2_col10_10x10,C,heart,10x10,False,C_p0,C_p0_u14,C_p0_b14,4,train,train,train,val,test,6530,1844,653,922
C_row2_col11_10x10_masked,C,heart,10x10,True,C_p0,C_p0_u14,C_p0_b14,4,train,train,train,val,test,7183,1844,653,922
C_row2_col12_10x10_masked,C,heart,10x10,True,C_p0,C_p0_u15,C_p0_b15,4,train,train,train,val,test,7836,1844,653,922
C_row2_col1_10x10,C,heart,10x10,False,C_p0,C_p0_u0,C_p0_b0,0,test,train,train,train,train,653,1844,653,922
C_row2_col1_5x5,C,heart,5x5,False,C_p0,C_p0_u3,C_p0_b3,1,val,test,train,train,train,1307,3688,1307,1844
C_row2_col2_10x10,C,heart,10x10,False,C_p0,C_p0_u1,C_p0_b1,0,test,train,train,train,train,1306,1844,653,922
C_row2_col2_5x5_masked,C,heart,5x5,True,C_p0,C_p0_u5,C_p0_b5,1,val,test,train,train,train,2614,3688,1307,1844
C_row2_col3_10x10,C,heart,10x10,False,C_p0,C_p0_u1,C_p0_b1,0,test,train,train,train,train,1959,1844,653,922
C_row2_col3_5x5_masked,C,heart,5x5,True,C_p0,C_p0_u8,C_p0_b8,2,train,val,test,train,train,3921,3688,1307,1844
C_row2_col4_10x10,C,heart,10x10,False,C_p0,C_p0_u4,C_p0_b4,1,val,test,train,train,train,2612,1844,653,922
C_row2_col5_10x10,C,heart,10x10,False,C_p0,C_p0_u4,C_p0_b4,1,val,test,train,train,train,3265,1844,653,922
C_row2_col6_10x10,C,heart,10x10,False,C_p0,C_p0_u7,C_p0_b7,2,train,val,test,train,train,3918,1844,653,922
C_row2_col9_10x10,C,heart,10x10,False,C_p0,C_p0_u11,C_p0_b11,3,train,train,val,test,val,5877,1844,653,922
C_row3_col10_10x10,C,heart,10x10,False,C_p0,C_p0_u14,C_p0_b14,4,train,train,train,val,test,6530,2766,653,922
C_row3_col1_10x10,C,heart,10x10,False,C_p0,C_p0_u0,C_p0_b0,0,test,train,train,train,train,653,2766,653,922
C_row3_col2_10x10,C,heart,10x10,False,C_p0,C_p0_u1,C_p0_b1,0,test,train,train,train,train,1306,2766,653,922
C_row3_col3_10x10,C,heart,10x10,False,C_p0,C_p0_u1,C_p0_b1,0,test,train,train,train,train,1959,2766,653,922
C_row3_col4_10x10,C,heart,10x10,False,C_p0,C_p0_u4,C_p0_b4,1,val,test,train,train,train,2612,2766,653,922
C_row3_col5_10x10,C,heart,10x10,False,C_p0,C_p0_u4,C_p0_b4,1,val,test,train,train,train,3265,2766,653,922
C_row3_col9_10x10,C,heart,10x10,False,C_p0,C_p0_u12,C_p0_b12,3,train,train,val,test,val,5877,2766,653,922
C_row4_col3_10x10,C,heart,10x10,False,C_p0,C_p0_u3,C_p0_b3,1,val,test,train,train,train,1959,3688,653,922
C_row4_col4_10x10,C,heart,10x10,False,C_p0,C_p0_u5,C_p0_b5,1,val,test,train,train,train,2612,3688,653,922
C_row4_col5_10x10_masked,C,heart,10x10,True,C_p0,C_p0_u5,C_p0_b5,1,val,test,train,train,train,3265,3688,653,922
C_row4_col6_10x10_masked,C,heart,10x10,True,C_p0,C_p0_u8,C_p0_b8,2,train,val,test,train,train,3918,3688,653,922
C_row4_col7_10x10,C,heart,10x10,False,C_p0,C_p0_u8,C_p0_b8,2,train,val,test,train,train,4571,3688,653,922
C_row5_col6_10x10_masked,C,heart,10x10,True,C_p0,C_p0_u8,C_p0_b8,2,train,val,test,train,train,3918,4610,653,922
D_row2_col5_5x5,D,brain,5x5,False,D_p0,D_p0_u0,D_p0_b0,0,test,train,train,train,train,9165,3632,1833,1816
D_row3_col3_5x5,D,brain,5x5,False,D_p0,D_p0_u1,D_p0_b5,1,excluded,test,excluded,train,train,5499,5448,1833,1816
D_row3_col4_5x5,D,brain,5x5,False,D_p0,D_p0_u1,D_p0_b6,1,excluded,test,excluded,train,train,7332,5448,1833,1816
D_row3_col5_5x5_masked,D,brain,5x5,True,D_p0,D_p0_u1,D_p0_b7,1,val,test,excluded,train,train,9165,5448,1833,1816
D_row4_col3_5x5,D,brain,5x5,False,D_p0,D_p0_u1,D_p0_b12,2,train,val,test,excluded,excluded,5499,7264,1833,1816
D_row4_col4_5x5,D,brain,5x5,False,D_p0,D_p0_u1,D_p0_b13,3,train,train,excluded,test,excluded,7332,7264,1833,1816
D_row4_col5_5x5,D,brain,5x5,False,D_p0,D_p0_u1,D_p0_b14,3,train,train,excluded,test,excluded,9165,7264,1833,1816
D_row4_col8_10x10,D,brain,10x10,False,D_p0,D_p0_u0,D_p0_b1,0,test,train,train,train,train,8800,4360,1100,1090
D_row5_col3_5x5,D,brain,5x5,False,D_p0,D_p0_u1,D_p0_b20,4,train,train,train,val,test,5499,9080,1833,1816
D_row5_col6_10x10,D,brain,10x10,False,D_p0,D_p0_u1,D_p0_b2,0,test,excluded,train,train,train,6600,5450,1100,1090
D_row5_col7_10x10_masked,D,brain,10x10,True,D_p0,D_p0_u1,D_p0_b3,0,test,excluded,train,train,train,7700,5450,1100,1090
D_row5_col8_10x10,D,brain,10x10,False,D_p0,D_p0_u1,D_p0_b4,1,val,test,train,train,train,8800,5450,1100,1090
D_row6_col5_10x10,D,brain,10x10,False,D_p0,D_p0_u1,D_p0_b8,2,train,excluded,test,train,train,5500,6540,1100,1090
D_row6_col6_10x10,D,brain,10x10,False,D_p0,D_p0_u1,D_p0_b9,2,train,excluded,test,excluded,train,6600,6540,1100,1090
D_row6_col7_10x10,D,brain,10x10,False,D_p0,D_p0_u1,D_p0_b10,2,train,excluded,test,excluded,train,7700,6540,1100,1090
D_row6_col8_10x10,D,brain,10x10,False,D_p0,D_p0_u1,D_p0_b11,2,excluded,excluded,test,excluded,train,8800,6540,1100,1090
D_row7_col5_10x10,D,brain,10x10,False,D_p0,D_p0_u1,D_p0_b15,3,train,excluded,excluded,test,val,5500,7630,1100,1090
D_row7_col6_10x10,D,brain,10x10,False,D_p0,D_p0_u1,D_p0_b16,3,train,excluded,excluded,test,val,6600,7630,1100,1090
D_row7_col7_10x10,D,brain,10x10,False,D_p0,D_p0_u1,D_p0_b17,4,train,train,train,excluded,test,7700,7630,1100,1090
D_row7_col8_10x10,D,brain,10x10,False,D_p0,D_p0_u1,D_p0_b18,4,train,train,train,excluded,test,8800,7630,1100,1090
D_row8_col5_10x10,D,brain,10x10,False,D_p0,D_p0_u1,D_p0_b19,4,train,excluded,excluded,val,test,5500,8720,1100,1090
E_row0_col10_10x10,E,brain,10x10,False,E_p0,E_p0_u22,E_p0_b22,4,train,train,train,val,test,6580,0,658,739
E_row0_col1_5x5,E,brain,5x5,False,E_p0,E_p0_u2,E_p0_b2,0,test,train,train,train,train,1317,0,1317,1479
E_row0_col2_5x5,E,brain,5x5,False,E_p0,E_p0_u8,E_p0_b8,1,val,test,train,train,train,2634,0,1317,1479
E_row0_col3_5x5,E,brain,5x5,False,E_p0,E_p0_u14,E_p0_b14,2,train,val,test,train,train,3951,0,1317,1479
E_row0_col4_5x5,E,brain,5x5,False,E_p0,E_p0_u21,E_p0_b21,4,train,train,train,val,test,5268,0,1317,1479
E_row0_col5_5x5,E,brain,5x5,False,E_p0,E_p0_u22,E_p0_b22,4,train,train,train,val,test,6585,0,1317,1479
E_row0_col9_10x10,E,brain,10x10,False,E_p0,E_p0_u21,E_p0_b21,4,train,train,train,val,test,5922,0,658,739
E_row1_col10_10x10_masked,E,brain,10x10,True,E_p0,E_p0_u22,E_p0_b22,4,train,train,train,val,test,6580,739,658,739
E_row1_col1_10x10_masked,E,brain,10x10,True,E_p0,E_p0_u0,E_p0_b0,0,test,train,train,train,train,658,739,658,739
E_row1_col2_10x10,E,brain,10x10,False,E_p0,E_p0_u2,E_p0_b2,0,test,train,train,train,train,1316,739,658,739
E_row1_col2_5x5,E,brain,5x5,False,E_p0,E_p0_u7,E_p0_b7,0,test,train,train,train,train,2634,1479,1317,1479
E_row1_col3_10x10,E,brain,10x10,False,E_p0,E_p0_u2,E_p0_b2,0,test,train,train,train,train,1974,739,658,739
E_row1_col3_5x5,E,brain,5x5,False,E_p0,E_p0_u13,E_p0_b13,1,val,test,train,train,train,3951,1479,1317,1479
E_row1_col4_10x10,E,brain,10x10,False,E_p0,E_p0_u8,E_p0_b8,1,val,test,train,train,train,2632,739,658,739
E_row1_col4_5x5,E,brain,5x5,False,E_p0,E_p0_u18,E_p0_b18,2,train,val,test,train,train,5268,1479,1317,1479
E_row1_col5_10x10,E,brain,10x10,False,E_p0,E_p0_u8,E_p0_b8,1,val,test,train,train,train,3290,739,658,739
E_row1_col5_5x5,E,brain,5x5,False,E_p0,E_p0_u23,E_p0_b23,4,train,train,train,val,test,6585,1479,1317,1479
E_row1_col6_10x10,E,brain,10x10,False,E_p0,E_p0_u14,E_p0_b14,2,train,val,test,train,train,3948,739,658,739
E_row1_col7_10x10,E,brain,10x10,False,E_p0,E_p0_u14,E_p0_b14,2,train,val,test,train,train,4606,739,658,739
E_row1_col9_10x10,E,brain,10x10,False,E_p0,E_p0_u21,E_p0_b21,4,train,train,train,val,test,5922,739,658,739
E_row2_col10_10x10,E,brain,10x10,False,E_p0,E_p0_u23,E_p0_b23,4,train,train,train,val,test,6580,1478,658,739
E_row2_col2_10x10_masked,E,brain,10x10,True,E_p0,E_p0_u1,E_p0_b1,0,test,train,train,train,train,1316,1478,658,739
E_row2_col3_10x10,E,brain,10x10,False,E_p0,E_p0_u3,E_p0_b3,0,test,train,train,train,train,1974,1478,658,739
E_row2_col4_10x10,E,brain,10x10,False,E_p0,E_p0_u7,E_p0_b7,0,test,train,train,train,train,2632,1478,658,739
E_row2_col4_5x5,E,brain,5x5,False,E_p0,E_p0_u19,E_p0_b19,3,train,train,val,test,val,5268,2958,1317,1479
E_row2_col5_10x10,E,brain,10x10,False,E_p0,E_p0_u7,E_p0_b7,0,test,train,train,train,train,3290,1478,658,739
E_row2_col5_5x5,E,brain,5x5,False,E_p0,E_p0_u24,E_p0_b24,4,train,train,train,val,test,6585,2958,1317,1479
E_row2_col6_10x10,E,brain,10x10,False,E_p0,E_p0_u13,E_p0_b13,1,val,test,train,train,train,3948,1478,658,739
E_row2_col7_10x10,E,brain,10x10,False,E_p0,E_p0_u13,E_p0_b13,1,val,test,train,train,train,4606,1478,658,739
E_row2_col8_10x10,E,brain,10x10,False,E_p0,E_p0_u18,E_p0_b18,2,train,val,test,train,train,5264,1478,658,739
E_row2_col9_10x10,E,brain,10x10,False,E_p0,E_p0_u18,E_p0_b18,2,train,val,test,train,train,5922,1478,658,739
E_row3_col10_10x10,E,brain,10x10,False,E_p0,E_p0_u23,E_p0_b23,4,train,train,train,val,test,6580,2217,658,739
E_row3_col3_10x10,E,brain,10x10,False,E_p0,E_p0_u4,E_p0_b4,0,test,train,train,train,train,1974,2217,658,739
E_row3_col3_5x5,E,brain,5x5,False,E_p0,E_p0_u15,E_p0_b15,2,train,val,test,train,train,3951,4437,1317,1479
E_row3_col4_10x10,E,brain,10x10,False,E_p0,E_p0_u7,E_p0_b7,0,test,train,train,train,train,2632,2217,658,739
E_row3_col4_5x5_masked,E,brain,5x5,True,E_p0,E_p0_u20,E_p0_b20,3,train,train,val,test,val,5268,4437,1317,1479
E_row3_col5_10x10,E,brain,10x10,False,E_p0,E_p0_u7,E_p0_b7,0,test,train,train,train,train,3290,2217,658,739
E_row3_col5_5x5,E,brain,5x5,False,E_p0,E_p0_u25,E_p0_b25,4,train,train,train,val,test,6585,4437,1317,1479
E_row3_col6_10x10,E,brain,10x10,False,E_p0,E_p0_u13,E_p0_b13,1,val,test,train,train,train,3948,2217,658,739
E_row3_col7_10x10,E,brain,10x10,False,E_p0,E_p0_u13,E_p0_b13,1,val,test,train,train,train,4606,2217,658,739
E_row3_col8_10x10,E,brain,10x10,False,E_p0,E_p0_u18,E_p0_b18,2,train,val,test,train,train,5264,2217,658,739
E_row3_col9_10x10,E,brain,10x10,False,E_p0,E_p0_u18,E_p0_b18,2,train,val,test,train,train,5922,2217,658,739
E_row4_col10_10x10,E,brain,10x10,False,E_p0,E_p0_u24,E_p0_b24,4,train,train,train,val,test,6580,2956,658,739
E_row4_col3_10x10,E,brain,10x10,False,E_p0,E_p0_u5,E_p0_b5,0,test,train,train,train,train,1974,2956,658,739
E_row4_col4_10x10,E,brain,10x10,False,E_p0,E_p0_u6,E_p0_b6,0,test,train,train,train,train,2632,2956,658,739
E_row4_col5_10x10,E,brain,10x10,False,E_p0,E_p0_u9,E_p0_b9,1,val,test,train,train,train,3290,2956,658,739
E_row4_col6_10x10,E,brain,10x10,False,E_p0,E_p0_u12,E_p0_b12,1,val,test,train,train,train,3948,2956,658,739
E_row4_col7_10x10,E,brain,10x10,False,E_p0,E_p0_u16,E_p0_b16,2,train,val,test,train,train,4606,2956,658,739
E_row4_col8_10x10,E,brain,10x10,False,E_p0,E_p0_u19,E_p0_b19,3,train,train,val,test,val,5264,2956,658,739
E_row4_col9_10x10,E,brain,10x10,False,E_p0,E_p0_u19,E_p0_b19,3,train,train,val,test,val,5922,2956,658,739
E_row5_col10_10x10,E,brain,10x10,False,E_p0,E_p0_u24,E_p0_b24,4,train,train,train,val,test,6580,3695,658,739
E_row5_col5_10x10,E,brain,10x10,False,E_p0,E_p0_u10,E_p0_b10,1,val,test,train,train,train,3290,3695,658,739
E_row5_col7_10x10,E,brain,10x10,False,E_p0,E_p0_u17,E_p0_b17,2,train,val,test,train,train,4606,3695,658,739
E_row5_col8_10x10,E,brain,10x10,False,E_p0,E_p0_u19,E_p0_b19,3,train,train,val,test,val,5264,3695,658,739
E_row5_col9_10x10,E,brain,10x10,False,E_p0,E_p0_u19,E_p0_b19,3,train,train,val,test,val,5922,3695,658,739
E_row6_col10_10x10,E,brain,10x10,False,E_p0,E_p0_u25,E_p0_b25,4,train,train,train,val,test,6580,4434,658,739
E_row6_col7_10x10,E,brain,10x10,False,E_p0,E_p0_u15,E_p0_b15,2,train,val,test,train,train,4606,4434,658,739
E_row6_col8_10x10,E,brain,10x10,False,E_p0,E_p0_u20,E_p0_b20,3,train,train,val,test,val,5264,4434,658,739
E_row6_col9_10x10,E,brain,10x10,False,E_p0,E_p0_u20,E_p0_b20,3,train,train,val,test,val,5922,4434,658,739
E_row7_col5_10x10_masked,E,brain,10x10,True,E_p0,E_p0_u11,E_p0_b11,1,val,test,train,train,train,3290,5173,658,739
E_row7_col6_10x10_masked,E,brain,10x10,True,E_p0,E_p0_u15,E_p0_b15,2,train,val,test,train,train,3948,5173,658,739
E_row7_col7_10x10,E,brain,10x10,False,E_p0,E_p0_u15,E_p0_b15,2,train,val,test,train,train,4606,5173,658,739
E_row7_col8_10x10_masked,E,brain,10x10,True,E_p0,E_p0_u20,E_p0_b20,3,train,train,val,test,val,5264,5173,658,739
E_row7_col9_10x10,E,brain,10x10,False,E_p0,E_p0_u20,E_p0_b20,3,train,train,val,test,val,5922,5173,658,739
F_row10_col3_10x10_masked,F,heart,10x10,True,F_p0,F_p0_u14,F_p0_b14,4,train,train,train,val,test,3000,8270,1000,827
F_row1_col1_5x5,F,heart,5x5,False,F_p0,F_p0_u2,F_p0_b2,0,test,train,train,train,train,2000,1655,2000,1655
F_row1_col2_5x5,F,heart,5x5,False,F_p0,F_p0_u1,F_p0_b1,0,test,train,train,train,train,4000,1655,2000,1655
F_row1_col3_5x5,F,heart,5x5,False,F_p0,F_p0_u3,F_p0_b3,0,test,train,train,train,train,6000,1655,2000,1655
F_row1_col4_10x10,F,heart,10x10,False,F_p0,F_p0_u0,F_p0_b0,0,test,train,train,train,train,4000,827,1000,827
F_row2_col0_5x5,F,heart,5x5,False,F_p0,F_p0_u7,F_p0_b7,2,train,val,test,train,train,0,3310,2000,1655
F_row2_col1_5x5,F,heart,5x5,False,F_p0,F_p0_u5,F_p0_b5,1,val,test,train,train,train,2000,3310,2000,1655
F_row2_col2_5x5,F,heart,5x5,False,F_p0,F_p0_u6,F_p0_b6,2,train,val,test,train,train,4000,3310,2000,1655
F_row2_col3_10x10,F,heart,10x10,False,F_p0,F_p0_u2,F_p0_b2,0,test,train,train,train,train,3000,1654,1000,827
F_row2_col3_5x5,F,heart,5x5,False,F_p0,F_p0_u4,F_p0_b4,1,val,test,train,train,train,6000,3310,2000,1655
F_row2_col4_10x10,F,heart,10x10,False,F_p0,F_p0_u1,F_p0_b1,0,test,train,train,train,train,4000,1654,1000,827
F_row3_col0_5x5,F,heart,5x5,False,F_p0,F_p0_u9,F_p0_b9,3,train,train,val,test,val,0,4965,2000,1655
F_row3_col1_5x5,F,heart,5x5,False,F_p0,F_p0_u10,F_p0_b10,3,train,train,val,test,val,2000,4965,2000,1655
F_row3_col2_10x10,F,heart,10x10,False,F_p0,F_p0_u2,F_p0_b2,0,test,train,train,train,train,2000,2481,1000,827
F_row3_col2_5x5,F,heart,5x5,False,F_p0,F_p0_u11,F_p0_b11,4,train,train,train,val,test,4000,4965,2000,1655
F_row3_col3_10x10,F,heart,10x10,False,F_p0,F_p0_u2,F_p0_b2,0,test,train,train,train,train,3000,2481,1000,827
F_row3_col3_5x5,F,heart,5x5,False,F_p0,F_p0_u8,F_p0_b8,2,train,val,test,train,train,6000,4965,2000,1655
F_row3_col4_10x10,F,heart,10x10,False,F_p0,F_p0_u1,F_p0_b1,0,test,train,train,train,train,4000,2481,1000,827
F_row3_col7_10x10,F,heart,10x10,False,F_p0,F_p0_u3,F_p0_b3,0,test,train,train,train,train,7000,2481,1000,827
F_row4_col1_10x10,F,heart,10x10,False,F_p0,F_p0_u7,F_p0_b7,2,train,val,test,train,train,1000,3308,1000,827
F_row4_col1_5x5_masked,F,heart,5x5,True,F_p0,F_p0_u13,F_p0_b13,4,train,train,train,val,test,2000,6620,2000,1655
F_row4_col2_10x10,F,heart,10x10,False,F_p0,F_p0_u5,F_p0_b5,1,val,test,train,train,train,2000,3308,1000,827
F_row4_col3_10x10,F,heart,10x10,False,F_p0,F_p0_u5,F_p0_b5,1,val,test,train,train,train,3000,3308,1000,827
F_row4_col4_10x10,F,heart,10x10,False,F_p0,F_p0_u6,F_p0_b6,2,train,val,test,train,train,4000,3308,1000,827
F_row4_col5_10x10,F,heart,10x10,False,F_p0,F_p0_u6,F_p0_b6,2,train,val,test,train,train,5000,3308,1000,827
F_row4_col6_10x10,F,heart,10x10,False,F_p0,F_p0_u4,F_p0_b4,1,val,test,train,train,train,6000,3308,1000,827
F_row4_col7_10x10,F,heart,10x10,False,F_p0,F_p0_u4,F_p0_b4,1,val,test,train,train,train,7000,3308,1000,827
F_row5_col1_10x10,F,heart,10x10,False,F_p0,F_p0_u7,F_p0_b7,2,train,val,test,train,train,1000,4135,1000,827
F_row5_col2_10x10,F,heart,10x10,False,F_p0,F_p0_u5,F_p0_b5,1,val,test,train,train,train,2000,4135,1000,827
F_row5_col3_10x10,F,heart,10x10,False,F_p0,F_p0_u5,F_p0_b5,1,val,test,train,train,train,3000,4135,1000,827
F_row5_col4_10x10,F,heart,10x10,False,F_p0,F_p0_u6,F_p0_b6,2,train,val,test,train,train,4000,4135,1000,827
F_row5_col5_10x10,F,heart,10x10,False,F_p0,F_p0_u6,F_p0_b6,2,train,val,test,train,train,5000,4135,1000,827
F_row5_col6_10x10_masked,F,heart,10x10,True,F_p0,F_p0_u4,F_p0_b4,1,val,test,train,train,train,6000,4135,1000,827
F_row6_col0_10x10,F,heart,10x10,False,F_p0,F_p0_u9,F_p0_b9,3,train,train,val,test,val,0,4962,1000,827
F_row6_col1_10x10,F,heart,10x10,False,F_p0,F_p0_u9,F_p0_b9,3,train,train,val,test,val,1000,4962,1000,827
F_row6_col2_10x10,F,heart,10x10,False,F_p0,F_p0_u10,F_p0_b10,3,train,train,val,test,val,2000,4962,1000,827
F_row6_col3_10x10,F,heart,10x10,False,F_p0,F_p0_u10,F_p0_b10,3,train,train,val,test,val,3000,4962,1000,827
F_row6_col4_10x10,F,heart,10x10,False,F_p0,F_p0_u11,F_p0_b11,4,train,train,train,val,test,4000,4962,1000,827
F_row6_col5_10x10,F,heart,10x10,False,F_p0,F_p0_u11,F_p0_b11,4,train,train,train,val,test,5000,4962,1000,827
F_row6_col6_10x10,F,heart,10x10,False,F_p0,F_p0_u8,F_p0_b8,2,train,val,test,train,train,6000,4962,1000,827
F_row7_col1_10x10,F,heart,10x10,False,F_p0,F_p0_u9,F_p0_b9,3,train,train,val,test,val,1000,5789,1000,827
F_row7_col2_10x10,F,heart,10x10,False,F_p0,F_p0_u10,F_p0_b10,3,train,train,val,test,val,2000,5789,1000,827
F_row7_col3_10x10,F,heart,10x10,False,F_p0,F_p0_u10,F_p0_b10,3,train,train,val,test,val,3000,5789,1000,827
F_row7_col4_10x10_masked,F,heart,10x10,True,F_p0,F_p0_u11,F_p0_b11,4,train,train,train,val,test,4000,5789,1000,827
F_row7_col5_10x10,F,heart,10x10,False,F_p0,F_p0_u11,F_p0_b11,4,train,train,train,val,test,5000,5789,1000,827
F_row8_col1_10x10,F,heart,10x10,False,F_p0,F_p0_u12,F_p0_b12,4,train,train,train,val,test,1000,6616,1000,827
F_row8_col2_10x10,F,heart,10x10,False,F_p0,F_p0_u13,F_p0_b13,4,train,train,train,val,test,2000,6616,1000,827
F_row8_col3_10x10,F,heart,10x10,False,F_p0,F_p0_u13,F_p0_b13,4,train,train,train,val,test,3000,6616,1000,827
F_row9_col2_10x10_masked,F,heart,10x10,True,F_p0,F_p0_u13,F_p0_b13,4,train,train,train,val,test,2000,7443,1000,827
F_row9_col3_10x10,F,heart,10x10,False,F_p0,F_p0_u13,F_p0_b13,4,train,train,train,val,test,3000,7443,1000,827
G_row0_col0_5x5,G,brain,5x5,False,G_p0,G_p0_u1,G_p0_b1,0,test,train,train,train,train,0,0,1871,1921
G_row0_col1_10x10,G,brain,10x10,False,G_p0,G_p0_u1,G_p0_b1,0,test,train,train,train,train,935,0,935,960
G_row0_col1_5x5,G,brain,5x5,False,G_p0,G_p0_u0,G_p0_b0,0,test,train,train,train,train,1871,0,1871,1921
G_row0_col2_10x10,G,brain,10x10,False,G_p0,G_p0_u0,G_p0_b0,0,test,train,train,train,train,1870,0,935,960
G_row0_col2_5x5,G,brain,5x5,False,G_p0,G_p0_u2,G_p0_b2,0,test,train,train,train,train,3742,0,1871,1921
G_row1_col0_10x10,G,brain,10x10,False,G_p0,G_p0_u1,G_p0_b1,0,test,train,train,train,train,0,960,935,960
G_row1_col0_5x5,G,brain,5x5,False,G_p0,G_p0_u5,G_p0_b5,0,test,train,train,train,train,0,1921,1871,1921
G_row1_col1_10x10,G,brain,10x10,False,G_p0,G_p0_u1,G_p0_b1,0,test,train,train,train,train,935,960,935,960
G_row1_col1_5x5,G,brain,5x5,False,G_p0,G_p0_u6,G_p0_b6,1,val,test,train,train,train,1871,1921,1871,1921
G_row1_col2_10x10,G,brain,10x10,False,G_p0,G_p0_u0,G_p0_b0,0,test,train,train,train,train,1870,960,935,960
G_row1_col2_5x5,G,brain,5x5,False,G_p0,G_p0_u4,G_p0_b4,0,test,train,train,train,train,3742,1921,1871,1921
G_row1_col3_5x5,G,brain,5x5,False,G_p0,G_p0_u7,G_p0_b7,1,val,test,train,train,train,5613,1921,1871,1921
G_row1_col4_5x5,G,brain,5x5,False,G_p0,G_p0_u8,G_p0_b8,1,val,test,train,train,train,7484,1921,1871,1921
G_row1_col5_10x10,G,brain,10x10,False,G_p0,G_p0_u2,G_p0_b2,0,test,train,train,train,train,4675,960,935,960
G_row1_col6_10x10,G,brain,10x10,False,G_p0,G_p0_u3,G_p0_b3,0,test,train,train,train,train,5610,960,935,960
G_row2_col0_10x10,G,brain,10x10,False,G_p0,G_p0_u5,G_p0_b5,0,test,train,train,train,train,0,1920,935,960
G_row2_col0_5x5,G,brain,5x5,False,G_p0,G_p0_u9,G_p0_b9,1,val,test,train,train,train,0,3842,1871,1921
G_row2_col1_10x10,G,brain,10x10,False,G_p0,G_p0_u5,G_p0_b5,0,test,train,train,train,train,935,1920,935,960
G_row2_col1_5x5,G,brain,5x5,False,G_p0,G_p0_u10,G_p0_b10,2,train,val,test,train,train,1871,3842,1871,1921
G_row2_col2_10x10,G,brain,10x10,False,G_p0,G_p0_u6,G_p0_b6,1,val,test,train,train,train,1870,1920,935,960
G_row2_col2_5x5,G,brain,5x5,False,G_p0,G_p0_u11,G_p0_b11,2,train,val,test,train,train,3742,3842,1871,1921
G_row2_col3_10x10,G,brain,10x10,False,G_p0,G_p0_u6,G_p0_b6,1,val,test,train,train,train,2805,1920,935,960
G_row2_col3_5x5,G,brain,5x5,False,G_p0,G_p0_u12,G_p0_b12,2,train,val,test,train,train,5613,3842,1871,1921
G_row2_col4_10x10,G,brain,10x10,False,G_p0,G_p0_u4,G_p0_b4,0,test,train,train,train,train,3740,1920,935,960
G_row2_col4_5x5,G,brain,5x5,False,G_p0,G_p0_u13,G_p0_b13,2,train,val,test,train,train,7484,3842,1871,1921
G_row2_col5_10x10,G,brain,10x10,False,G_p0,G_p0_u4,G_p0_b4,0,test,train,train,train,train,4675,1920,935,960
G_row2_col6_10x10,G,brain,10x10,False,G_p0,G_p0_u7,G_p0_b7,1,val,test,train,train,train,5610,1920,935,960
G_row2_col7_10x10,G,brain,10x10,False,G_p0,G_p0_u7,G_p0_b7,1,val,test,train,train,train,6545,1920,935,960
G_row2_col8_10x10,G,brain,10x10,False,G_p0,G_p0_u8,G_p0_b8,1,val,test,train,train,train,7480,1920,935,960
G_row3_col0_10x10,G,brain,10x10,False,G_p0,G_p0_u5,G_p0_b5,0,test,train,train,train,train,0,2880,935,960
G_row3_col0_5x5,G,brain,5x5,False,G_p0,G_p0_u18,G_p0_b18,3,train,train,val,test,val,0,5763,1871,1921
G_row3_col1_10x10,G,brain,10x10,False,G_p0,G_p0_u5,G_p0_b5,0,test,train,train,train,train,935,2880,935,960
G_row3_col1_5x5,G,brain,5x5,False,G_p0,G_p0_u14,G_p0_b14,2,train,val,test,train,train,1871,5763,1871,1921
G_row3_col2_10x10,G,brain,10x10,False,G_p0,G_p0_u6,G_p0_b6,1,val,test,train,train,train,1870,2880,935,960
G_row3_col2_5x5,G,brain,5x5,False,G_p0,G_p0_u15,G_p0_b15,3,train,train,val,test,val,3742,5763,1871,1921
G_row3_col3_10x10,G,brain,10x10,False,G_p0,G_p0_u6,G_p0_b6,1,val,test,train,train,train,2805,2880,935,960
G_row3_col3_5x5,G,brain,5x5,False,G_p0,G_p0_u16,G_p0_b16,3,train,train,val,test,val,5613,5763,1871,1921
G_row3_col4_5x5,G,brain,5x5,False,G_p0,G_p0_u17,G_p0_b17,3,train,train,val,test,val,7484,5763,1871,1921
G_row3_col5_10x10,G,brain,10x10,False,G_p0,G_p0_u4,G_p0_b4,0,test,train,train,train,train,4675,2880,935,960
G_row3_col6_10x10,G,brain,10x10,False,G_p0,G_p0_u7,G_p0_b7,1,val,test,train,train,train,5610,2880,935,960
G_row3_col7_10x10,G,brain,10x10,False,G_p0,G_p0_u7,G_p0_b7,1,val,test,train,train,train,6545,2880,935,960
G_row3_col8_10x10,G,brain,10x10,False,G_p0,G_p0_u8,G_p0_b8,1,val,test,train,train,train,7480,2880,935,960
G_row4_col0_10x10,G,brain,10x10,False,G_p0,G_p0_u9,G_p0_b9,1,val,test,train,train,train,0,3840,935,960
G_row4_col0_5x5,G,brain,5x5,False,G_p0,G_p0_u23,G_p0_b23,4,train,train,train,val,test,0,7684,1871,1921
G_row4_col1_10x10,G,brain,10x10,False,G_p0,G_p0_u9,G_p0_b9,1,val,test,train,train,train,935,3840,935,960
G_row4_col1_5x5,G,brain,5x5,False,G_p0,G_p0_u21,G_p0_b21,4,train,train,train,val,test,1871,7684,1871,1921
G_row4_col2_10x10,G,brain,10x10,False,G_p0,G_p0_u10,G_p0_b10,2,train,val,test,train,train,1870,3840,935,960
G_row4_col2_5x5,G,brain,5x5,False,G_p0,G_p0_u22,G_p0_b22,4,train,train,train,val,test,3742,7684,1871,1921
G_row4_col3_10x10,G,brain,10x10,False,G_p0,G_p0_u10,G_p0_b10,2,train,val,test,train,train,2805,3840,935,960
G_row4_col3_5x5,G,brain,5x5,False,G_p0,G_p0_u20,G_p0_b20,4,train,train,train,val,test,5613,7684,1871,1921
G_row4_col4_10x10,G,brain,10x10,False,G_p0,G_p0_u11,G_p0_b11,2,train,val,test,train,train,3740,3840,935,960
G_row4_col4_5x5,G,brain,5x5,False,G_p0,G_p0_u19,G_p0_b19,4,train,train,train,val,test,7484,7684,1871,1921
G_row4_col5_10x10,G,brain,10x10,False,G_p0,G_p0_u11,G_p0_b11,2,train,val,test,train,train,4675,3840,935,960
G_row4_col6_10x10,G,brain,10x10,False,G_p0,G_p0_u12,G_p0_b12,2,train,val,test,train,train,5610,3840,935,960
G_row4_col7_10x10,G,brain,10x10,False,G_p0,G_p0_u12,G_p0_b12,2,train,val,test,train,train,6545,3840,935,960
G_row4_col8_10x10,G,brain,10x10,False,G_p0,G_p0_u13,G_p0_b13,2,train,val,test,train,train,7480,3840,935,960
G_row5_col1_10x10,G,brain,10x10,False,G_p0,G_p0_u9,G_p0_b9,1,val,test,train,train,train,935,4800,935,960
G_row5_col2_10x10,G,brain,10x10,False,G_p0,G_p0_u10,G_p0_b10,2,train,val,test,train,train,1870,4800,935,960
G_row5_col3_10x10,G,brain,10x10,False,G_p0,G_p0_u10,G_p0_b10,2,train,val,test,train,train,2805,4800,935,960
G_row5_col4_10x10,G,brain,10x10,False,G_p0,G_p0_u11,G_p0_b11,2,train,val,test,train,train,3740,4800,935,960
G_row5_col5_10x10,G,brain,10x10,False,G_p0,G_p0_u11,G_p0_b11,2,train,val,test,train,train,4675,4800,935,960
G_row5_col6_10x10,G,brain,10x10,False,G_p0,G_p0_u12,G_p0_b12,2,train,val,test,train,train,5610,4800,935,960
G_row5_col7_10x10,G,brain,10x10,False,G_p0,G_p0_u12,G_p0_b12,2,train,val,test,train,train,6545,4800,935,960
G_row5_col8_10x10,G,brain,10x10,False,G_p0,G_p0_u13,G_p0_b13,2,train,val,test,train,train,7480,4800,935,960
G_row6_col1_10x10,G,brain,10x10,False,G_p0,G_p0_u18,G_p0_b18,3,train,train,val,test,val,935,5760,935,960
G_row6_col2_10x10,G,brain,10x10,False,G_p0,G_p0_u14,G_p0_b14,2,train,val,test,train,train,1870,5760,935,960
G_row6_col3_10x10,G,brain,10x10,False,G_p0,G_p0_u14,G_p0_b14,2,train,val,test,train,train,2805,5760,935,960
G_row6_col4_10x10,G,brain,10x10,False,G_p0,G_p0_u15,G_p0_b15,3,train,train,val,test,val,3740,5760,935,960
G_row6_col5_10x10,G,brain,10x10,False,G_p0,G_p0_u15,G_p0_b15,3,train,train,val,test,val,4675,5760,935,960
G_row6_col6_10x10,G,brain,10x10,False,G_p0,G_p0_u16,G_p0_b16,3,train,train,val,test,val,5610,5760,935,960
G_row6_col7_10x10,G,brain,10x10,False,G_p0,G_p0_u16,G_p0_b16,3,train,train,val,test,val,6545,5760,935,960
G_row6_col8_10x10,G,brain,10x10,False,G_p0,G_p0_u17,G_p0_b17,3,train,train,val,test,val,7480,5760,935,960
G_row6_col9_10x10,G,brain,10x10,False,G_p0,G_p0_u17,G_p0_b17,3,train,train,val,test,val,8415,5760,935,960
G_row7_col1_10x10,G,brain,10x10,False,G_p0,G_p0_u18,G_p0_b18,3,train,train,val,test,val,935,6720,935,960
G_row7_col2_10x10,G,brain,10x10,False,G_p0,G_p0_u14,G_p0_b14,2,train,val,test,train,train,1870,6720,935,960
G_row7_col3_10x10,G,brain,10x10,False,G_p0,G_p0_u14,G_p0_b14,2,train,val,test,train,train,2805,6720,935,960
G_row7_col4_10x10,G,brain,10x10,False,G_p0,G_p0_u15,G_p0_b15,3,train,train,val,test,val,3740,6720,935,960
G_row7_col5_10x10,G,brain,10x10,False,G_p0,G_p0_u15,G_p0_b15,3,train,train,val,test,val,4675,6720,935,960
G_row7_col6_10x10,G,brain,10x10,False,G_p0,G_p0_u16,G_p0_b16,3,train,train,val,test,val,5610,6720,935,960
G_row7_col7_10x10,G,brain,10x10,False,G_p0,G_p0_u16,G_p0_b16,3,train,train,val,test,val,6545,6720,935,960
G_row7_col8_10x10,G,brain,10x10,False,G_p0,G_p0_u17,G_p0_b17,3,train,train,val,test,val,7480,6720,935,960
G_row7_col9_10x10,G,brain,10x10,False,G_p0,G_p0_u17,G_p0_b17,3,train,train,val,test,val,8415,6720,935,960
G_row8_col1_10x10,G,brain,10x10,False,G_p0,G_p0_u23,G_p0_b23,4,train,train,train,val,test,935,7680,935,960
G_row8_col2_10x10,G,brain,10x10,False,G_p0,G_p0_u21,G_p0_b21,4,train,train,train,val,test,1870,7680,935,960
G_row8_col3_10x10,G,brain,10x10,False,G_p0,G_p0_u21,G_p0_b21,4,train,train,train,val,test,2805,7680,935,960
G_row8_col4_10x10,G,brain,10x10,False,G_p0,G_p0_u22,G_p0_b22,4,train,train,train,val,test,3740,7680,935,960
G_row8_col5_10x10,G,brain,10x10,False,G_p0,G_p0_u22,G_p0_b22,4,train,train,train,val,test,4675,7680,935,960
G_row8_col6_10x10,G,brain,10x10,False,G_p0,G_p0_u20,G_p0_b20,4,train,train,train,val,test,5610,7680,935,960
G_row8_col7_10x10,G,brain,10x10,False,G_p0,G_p0_u20,G_p0_b20,4,train,train,train,val,test,6545,7680,935,960
G_row8_col8_10x10,G,brain,10x10,False,G_p0,G_p0_u19,G_p0_b19,4,train,train,train,val,test,7480,7680,935,960
G_row9_col1_10x10,G,brain,10x10,False,G_p0,G_p0_u23,G_p0_b23,4,train,train,train,val,test,935,8640,935,960
G_row9_col2_10x10,G,brain,10x10,False,G_p0,G_p0_u21,G_p0_b21,4,train,train,train,val,test,1870,8640,935,960
G_row9_col3_10x10,G,brain,10x10,False,G_p0,G_p0_u21,G_p0_b21,4,train,train,train,val,test,2805,8640,935,960
G_row9_col4_10x10,G,brain,10x10,False,G_p0,G_p0_u22,G_p0_b22,4,train,train,train,val,test,3740,8640,935,960
G_row9_col5_10x10,G,brain,10x10,False,G_p0,G_p0_u22,G_p0_b22,4,train,train,train,val,test,4675,8640,935,960
G_row9_col6_10x10,G,brain,10x10,False,G_p0,G_p0_u20,G_p0_b20,4,train,train,train,val,test,5610,8640,935,960
H_row0_col3_5x5,H,brain,5x5,False,H_p0,H_p0_u11,H_p0_b11,3,train,train,val,test,val,3681,0,1227,1522
H_row0_col4_5x5,H,brain,5x5,False,H_p0,H_p0_u12,H_p0_b12,3,train,train,val,test,val,4908,0,1227,1522
H_row0_col8_10x10,H,brain,10x10,False,H_p0,H_p0_u12,H_p0_b12,3,train,train,val,test,val,4904,0,613,761
H_row0_col9_10x10,H,brain,10x10,False,H_p0,H_p0_u12,H_p0_b12,3,train,train,val,test,val,5517,0,613,761
H_row1_col10_10x10,H,brain,10x10,False,H_p0,H_p0_u15,H_p0_b15,4,train,train,train,val,test,6130,761,613,761
H_row1_col1_5x5,H,brain,5x5,False,H_p0,H_p0_u4,H_p0_b4,1,val,test,train,train,train,1227,1522,1227,1522
H_row1_col2_5x5,H,brain,5x5,False,H_p0,H_p0_u8,H_p0_b8,2,train,val,test,train,train,2454,1522,1227,1522
H_row1_col3_5x5,H,brain,5x5,False,H_p0,H_p0_u9,H_p0_b9,2,train,val,test,train,train,3681,1522,1227,1522
H_row1_col4_5x5,H,brain,5x5,False,H_p0,H_p0_u13,H_p0_b13,3,train,train,val,test,val,4908,1522,1227,1522
H_row1_col5_5x5,H,brain,5x5,False,H_p0,H_p0_u16,H_p0_b16,4,train,train,train,val,test,6135,1522,1227,1522
H_row1_col8_10x10,H,brain,10x10,False,H_p0,H_p0_u12,H_p0_b12,3,train,train,val,test,val,4904,761,613,761
H_row1_col9_10x10,H,brain,10x10,False,H_p0,H_p0_u12,H_p0_b12,3,train,train,val,test,val,5517,761,613,761
H_row2_col0_5x5,H,brain,5x5,False,H_p0,H_p0_u0,H_p0_b0,0,test,train,train,train,train,0,3044,1227,1522
H_row2_col10_10x10,H,brain,10x10,False,H_p0,H_p0_u16,H_p0_b16,4,train,train,train,val,test,6130,1522,613,761
H_row2_col1_5x5,H,brain,5x5,False,H_p0,H_p0_u3,H_p0_b3,0,test,train,train,train,train,1227,3044,1227,1522
H_row2_col2_5x5,H,brain,5x5,False,H_p0,H_p0_u7,H_p0_b7,1,val,test,train,train,train,2454,3044,1227,1522
H_row2_col3_5x5,H,brain,5x5,False,H_p0,H_p0_u10,H_p0_b10,2,train,val,test,train,train,3681,3044,1227,1522
H_row2_col4_5x5,H,brain,5x5,False,H_p0,H_p0_u14,H_p0_b14,4,train,train,train,val,test,4908,3044,1227,1522
H_row2_col5_10x10,H,brain,10x10,False,H_p0,H_p0_u8,H_p0_b8,2,train,val,test,train,train,3065,1522,613,761
H_row2_col5_5x5,H,brain,5x5,False,H_p0,H_p0_u17,H_p0_b17,4,train,train,train,val,test,6135,3044,1227,1522
H_row2_col6_10x10,H,brain,10x10,False,H_p0,H_p0_u9,H_p0_b9,2,train,val,test,train,train,3678,1522,613,761
H_row2_col7_10x10,H,brain,10x10,False,H_p0,H_p0_u9,H_p0_b9,2,train,val,test,train,train,4291,1522,613,761
H_row2_col8_10x10,H,brain,10x10,False,H_p0,H_p0_u13,H_p0_b13,3,train,train,val,test,val,4904,1522,613,761
H_row2_col9_10x10,H,brain,10x10,False,H_p0,H_p0_u13,H_p0_b13,3,train,train,val,test,val,5517,1522,613,761
H_row3_col0_5x5,H,brain,5x5,False,H_p0,H_p0_u1,H_p0_b1,0,test,train,train,train,train,0,4566,1227,1522
H_row3_col10_10x10,H,brain,10x10,False,H_p0,H_p0_u16,H_p0_b16,4,train,train,train,val,test,6130,2283,613,761
H_row3_col11_10x10,H,brain,10x10,False,H_p0,H_p0_u16,H_p0_b16,4,train,train,train,val,test,6743,2283,613,761
H_row3_col1_10x10,H,brain,10x10,False,H_p0,H_p0_u2,H_p0_b2,0,test,train,train,train,train,613,2283,613,761
H_row3_col1_5x5,H,brain,5x5,False,H_p0,H_p0_u5,H_p0_b5,1,val,test,train,train,train,1227,4566,1227,1522
H_row3_col2_10x10,H,brain,10x10,False,H_p0,H_p0_u4,H_p0_b4,1,val,test,train,train,train,1226,2283,613,761
H_row3_col3_10x10,H,brain,10x10,False,H_p0,H_p0_u4,H_p0_b4,1,val,test,train,train,train,1839,2283,613,761
H_row3_col4_10x10,H,brain,10x10,False,H_p0,H_p0_u8,H_p0_b8,2,train,val,test,train,train,2452,2283,613,761
H_row3_col5_10x10,H,brain,10x10,False,H_p0,H_p0_u8,H_p0_b8,2,train,val,test,train,train,3065,2283,613,761
H_row3_col6_10x10,H,brain,10x10,False,H_p0,H_p0_u9,H_p0_b9,2,train,val,test,train,train,3678,2283,613,761
H_row3_col7_10x10,H,brain,10x10,False,H_p0,H_p0_u9,H_p0_b9,2,train,val,test,train,train,4291,2283,613,761
H_row3_col8_10x10,H,brain,10x10,False,H_p0,H_p0_u13,H_p0_b13,3,train,train,val,test,val,4904,2283,613,761
H_row3_col9_10x10,H,brain,10x10,False,H_p0,H_p0_u13,H_p0_b13,3,train,train,val,test,val,5517,2283,613,761
H_row4_col10_10x10,H,brain,10x10,False,H_p0,H_p0_u17,H_p0_b17,4,train,train,train,val,test,6130,3044,613,761
H_row4_col11_10x10,H,brain,10x10,False,H_p0,H_p0_u17,H_p0_b17,4,train,train,train,val,test,6743,3044,613,761
H_row4_col1_10x10,H,brain,10x10,False,H_p0,H_p0_u0,H_p0_b0,0,test,train,train,train,train,613,3044,613,761
H_row4_col2_10x10,H,brain,10x10,False,H_p0,H_p0_u3,H_p0_b3,0,test,train,train,train,train,1226,3044,613,761
H_row4_col3_10x10,H,brain,10x10,False,H_p0,H_p0_u3,H_p0_b3,0,test,train,train,train,train,1839,3044,613,761
H_row4_col4_10x10,H,brain,10x10,False,H_p0,H_p0_u7,H_p0_b7,1,val,test,train,train,train,2452,3044,613,761
H_row4_col5_10x10,H,brain,10x10,False,H_p0,H_p0_u7,H_p0_b7,1,val,test,train,train,train,3065,3044,613,761
H_row4_col6_10x10,H,brain,10x10,False,H_p0,H_p0_u10,H_p0_b10,2,train,val,test,train,train,3678,3044,613,761
H_row4_col7_10x10,H,brain,10x10,False,H_p0,H_p0_u10,H_p0_b10,2,train,val,test,train,train,4291,3044,613,761
H_row4_col8_10x10,H,brain,10x10,False,H_p0,H_p0_u14,H_p0_b14,4,train,train,train,val,test,4904,3044,613,761
H_row4_col9_10x10,H,brain,10x10,False,H_p0,H_p0_u14,H_p0_b14,4,train,train,train,val,test,5517,3044,613,761
H_row5_col0_10x10,H,brain,10x10,False,H_p0,H_p0_u0,H_p0_b0,0,test,train,train,train,train,0,3805,613,761
H_row5_col10_10x10,H,brain,10x10,False,H_p0,H_p0_u17,H_p0_b17,4,train,train,train,val,test,6130,3805,613,761
H_row5_col11_10x10,H,brain,10x10,False,H_p0,H_p0_u17,H_p0_b17,4,train,train,train,val,test,6743,3805,613,761
H_row5_col1_10x10,H,brain,10x10,False,H_p0,H_p0_u0,H_p0_b0,0,test,train,train,train,train,613,3805,613,761
H_row5_col2_10x10,H,brain,10x10,False,H_p0,H_p0_u3,H_p0_b3,0,test,train,train,train,train,1226,3805,613,761
H_row5_col3_10x10,H,brain,10x10,False,H_p0,H_p0_u3,H_p0_b3,0,test,train,train,train,train,1839,3805,613,761
H_row5_col4_10x10,H,brain,10x10,False,H_p0,H_p0_u7,H_p0_b7,1,val,test,train,train,train,2452,3805,613,761
H_row5_col5_10x10,H,brain,10x10,False,H_p0,H_p0_u7,H_p0_b7,1,val,test,train,train,train,3065,3805,613,761
H_row5_col6_10x10,H,brain,10x10,False,H_p0,H_p0_u10,H_p0_b10,2,train,val,test,train,train,3678,3805,613,761
H_row5_col7_10x10,H,brain,10x10,False,H_p0,H_p0_u10,H_p0_b10,2,train,val,test,train,train,4291,3805,613,761
H_row5_col8_10x10,H,brain,10x10,False,H_p0,H_p0_u14,H_p0_b14,4,train,train,train,val,test,4904,3805,613,761
H_row5_col9_10x10,H,brain,10x10,False,H_p0,H_p0_u14,H_p0_b14,4,train,train,train,val,test,5517,3805,613,761
H_row6_col1_10x10,H,brain,10x10,False,H_p0,H_p0_u1,H_p0_b1,0,test,train,train,train,train,613,4566,613,761
H_row6_col2_10x10,H,brain,10x10,False,H_p0,H_p0_u5,H_p0_b5,1,val,test,train,train,train,1226,4566,613,761
H_row6_col3_10x10,H,brain,10x10,False,H_p0,H_p0_u5,H_p0_b5,1,val,test,train,train,train,1839,4566,613,761
H_row6_col4_10x10,H,brain,10x10,False,H_p0,H_p0_u6,H_p0_b6,1,val,test,train,train,train,2452,4566,613,761
Hpart1_row0_col0_5x5,H,brain,5x5,False,H_p1,H_p1_u1,H_p1_b1,0,test,train,train,train,train,0,0,782,1042
Hpart1_row0_col1_5x5,H,brain,5x5,False,H_p1,H_p1_u3,H_p1_b3,0,test,train,train,train,train,782,0,782,1042
Hpart1_row0_col2_10x10,H,brain,10x10,False,H_p1,H_p1_u3,H_p1_b3,0,test,train,train,train,train,782,0,391,521
Hpart1_row0_col2_5x5,H,brain,5x5,False,H_p1,H_p1_u6,H_p1_b6,2,train,val,test,train,train,1564,0,782,1042
Hpart1_row0_col3_10x10,H,brain,10x10,False,H_p1,H_p1_u3,H_p1_b3,0,test,train,train,train,train,1173,0,391,521
Hpart1_row0_col3_5x5,H,brain,5x5,False,H_p1,H_p1_u9,H_p1_b9,3,train,train,val,test,val,2346,0,782,1042
Hpart1_row0_col4_10x10,H,brain,10x10,False,H_p1,H_p1_u6,H_p1_b6,2,train,val,test,train,train,1564,0,391,521
Hpart1_row0_col5_10x10,H,brain,10x10,False,H_p1,H_p1_u6,H_p1_b6,2,train,val,test,train,train,1955,0,391,521
Hpart1_row1_col0_5x5,H,brain,5x5,False,H_p1,H_p1_u0,H_p1_b0,0,test,train,train,train,train,0,1042,782,1042
Hpart1_row1_col1_10x10,H,brain,10x10,False,H_p1,H_p1_u1,H_p1_b1,0,test,train,train,train,train,391,521,391,521
Hpart1_row1_col1_5x5,H,brain,5x5,False,H_p1,H_p1_u4,H_p1_b4,1,val,test,train,train,train,782,1042,782,1042
Hpart1_row1_col2_10x10,H,brain,10x10,False,H_p1,H_p1_u3,H_p1_b3,0,test,train,train,train,train,782,521,391,521
Hpart1_row1_col2_5x5,H,brain,5x5,False,H_p1,H_p1_u7,H_p1_b7,2,train,val,test,train,train,1564,1042,782,1042
Hpart1_row1_col3_10x10,H,brain,10x10,False,H_p1,H_p1_u3,H_p1_b3,0,test,train,train,train,train,1173,521,391,521
Hpart1_row1_col3_5x5,H,brain,5x5,False,H_p1,H_p1_u10,H_p1_b10,3,train,train,val,test,val,2346,1042,782,1042
Hpart1_row1_col4_10x10,H,brain,10x10,False,H_p1,H_p1_u6,H_p1_b6,2,train,val,test,train,train,1564,521,391,521
Hpart1_row1_col4_5x5,H,brain,5x5,False,H_p1,H_p1_u14,H_p1_b14,4,train,train,train,val,test,3128,1042,782,1042
Hpart1_row1_col5_10x10,H,brain,10x10,False,H_p1,H_p1_u6,H_p1_b6,2,train,val,test,train,train,1955,521,391,521
Hpart1_row1_col6_10x10,H,brain,10x10,False,H_p1,H_p1_u9,H_p1_b9,3,train,train,val,test,val,2346,521,391,521
Hpart1_row1_col7_10x10,H,brain,10x10,False,H_p1,H_p1_u9,H_p1_b9,3,train,train,val,test,val,2737,521,391,521
Hpart1_row2_col0_10x10,H,brain,10x10,False,H_p1,H_p1_u0,H_p1_b0,0,test,train,train,train,train,0,1042,391,521
Hpart1_row2_col0_5x5,H,brain,5x5,False,H_p1,H_p1_u2,H_p1_b2,0,test,train,train,train,train,0,2084,782,1042
Hpart1_row2_col1_10x10,H,brain,10x10,False,H_p1,H_p1_u0,H_p1_b0,0,test,train,train,train,train,391,1042,391,521
Hpart1_row2_col1_5x5,H,brain,5x5,False,H_p1,H_p1_u5,H_p1_b5,1,val,test,train,train,train,782,2084,782,1042
Hpart1_row2_col2_10x10,H,brain,10x10,False,H_p1,H_p1_u4,H_p1_b4,1,val,test,train,train,train,782,1042,391,521
Hpart1_row2_col2_5x5,H,brain,5x5,False,H_p1,H_p1_u8,H_p1_b8,2,train,val,test,train,train,1564,2084,782,1042
Hpart1_row2_col3_10x10,H,brain,10x10,False,H_p1,H_p1_u4,H_p1_b4,1,val,test,train,train,train,1173,1042,391,521
Hpart1_row2_col3_5x5,H,brain,5x5,False,H_p1,H_p1_u11,H_p1_b11,3,train,train,val,test,val,2346,2084,782,1042
Hpart1_row2_col4_10x10,H,brain,10x10,False,H_p1,H_p1_u7,H_p1_b7,2,train,val,test,train,train,1564,1042,391,521
Hpart1_row2_col4_5x5,H,brain,5x5,False,H_p1,H_p1_u15,H_p1_b15,4,train,train,train,val,test,3128,2084,782,1042
Hpart1_row2_col5_10x10,H,brain,10x10,False,H_p1,H_p1_u7,H_p1_b7,2,train,val,test,train,train,1955,1042,391,521
Hpart1_row2_col5_5x5,H,brain,5x5,False,H_p1,H_p1_u16,H_p1_b16,4,train,train,train,val,test,3910,2084,782,1042
Hpart1_row2_col6_10x10,H,brain,10x10,False,H_p1,H_p1_u10,H_p1_b10,3,train,train,val,test,val,2346,1042,391,521
Hpart1_row2_col7_10x10,H,brain,10x10,False,H_p1,H_p1_u10,H_p1_b10,3,train,train,val,test,val,2737,1042,391,521
Hpart1_row2_col8_10x10,H,brain,10x10,False,H_p1,H_p1_u14,H_p1_b14,4,train,train,train,val,test,3128,1042,391,521
Hpart1_row3_col1_10x10,H,brain,10x10,False,H_p1,H_p1_u0,H_p1_b0,0,test,train,train,train,train,391,1563,391,521
Hpart1_row3_col2_10x10,H,brain,10x10,False,H_p1,H_p1_u4,H_p1_b4,1,val,test,train,train,train,782,1563,391,521
Hpart1_row3_col3_10x10,H,brain,10x10,False,H_p1,H_p1_u4,H_p1_b4,1,val,test,train,train,train,1173,1563,391,521
Hpart1_row3_col4_10x10,H,brain,10x10,False,H_p1,H_p1_u7,H_p1_b7,2,train,val,test,train,train,1564,1563,391,521
Hpart1_row3_col5_10x10,H,brain,10x10,False,H_p1,H_p1_u7,H_p1_b7,2,train,val,test,train,train,1955,1563,391,521
Hpart1_row3_col6_10x10,H,brain,10x10,False,H_p1,H_p1_u10,H_p1_b10,3,train,train,val,test,val,2346,1563,391,521
Hpart1_row3_col7_10x10,H,brain,10x10,False,H_p1,H_p1_u10,H_p1_b10,3,train,train,val,test,val,2737,1563,391,521
Hpart1_row3_col8_10x10,H,brain,10x10,False,H_p1,H_p1_u14,H_p1_b14,4,train,train,train,val,test,3128,1563,391,521
Hpart1_row4_col1_10x10,H,brain,10x10,False,H_p1,H_p1_u2,H_p1_b2,0,test,train,train,train,train,391,2084,391,521
Hpart1_row4_col2_10x10,H,brain,10x10,False,H_p1,H_p1_u5,H_p1_b5,1,val,test,train,train,train,782,2084,391,521
Hpart1_row4_col3_10x10,H,brain,10x10,False,H_p1,H_p1_u5,H_p1_b5,1,val,test,train,train,train,1173,2084,391,521
Hpart1_row4_col4_10x10,H,brain,10x10,False,H_p1,H_p1_u8,H_p1_b8,2,train,val,test,train,train,1564,2084,391,521
Hpart1_row4_col5_10x10,H,brain,10x10,False,H_p1,H_p1_u8,H_p1_b8,2,train,val,test,train,train,1955,2084,391,521
Hpart1_row4_col6_10x10,H,brain,10x10,False,H_p1,H_p1_u11,H_p1_b11,3,train,train,val,test,val,2346,2084,391,521
Hpart1_row4_col7_10x10,H,brain,10x10,False,H_p1,H_p1_u11,H_p1_b11,3,train,train,val,test,val,2737,2084,391,521
Hpart1_row4_col8_10x10,H,brain,10x10,False,H_p1,H_p1_u15,H_p1_b15,4,train,train,train,val,test,3128,2084,391,521
Hpart1_row4_col9_10x10,H,brain,10x10,False,H_p1,H_p1_u15,H_p1_b15,4,train,train,train,val,test,3519,2084,391,521
Hpart1_row5_col2_10x10,H,brain,10x10,False,H_p1,H_p1_u5,H_p1_b5,1,val,test,train,train,train,782,2605,391,521
Hpart1_row5_col3_10x10,H,brain,10x10,False,H_p1,H_p1_u5,H_p1_b5,1,val,test,train,train,train,1173,2605,391,521
Hpart1_row5_col4_10x10,H,brain,10x10,False,H_p1,H_p1_u8,H_p1_b8,2,train,val,test,train,train,1564,2605,391,521
Hpart1_row5_col5_10x10,H,brain,10x10,False,H_p1,H_p1_u8,H_p1_b8,2,train,val,test,train,train,1955,2605,391,521
Hpart1_row5_col6_10x10,H,brain,10x10,False,H_p1,H_p1_u11,H_p1_b11,3,train,train,val,test,val,2346,2605,391,521
Hpart1_row5_col7_10x10,H,brain,10x10,False,H_p1,H_p1_u11,H_p1_b11,3,train,train,val,test,val,2737,2605,391,521
Hpart1_row5_col8_10x10,H,brain,10x10,False,H_p1,H_p1_u15,H_p1_b15,4,train,train,train,val,test,3128,2605,391,521
Hpart1_row5_col9_10x10,H,brain,10x10,False,H_p1,H_p1_u15,H_p1_b15,4,train,train,train,val,test,3519,2605,391,521
Hpart1_row6_col7_10x10,H,brain,10x10,False,H_p1,H_p1_u12,H_p1_b12,4,train,train,train,val,test,2737,3126,391,521
Hpart1_row6_col8_10x10,H,brain,10x10,False,H_p1,H_p1_u13,H_p1_b13,4,train,train,train,val,test,3128,3126,391,521
I_row0_col1_5x5,I,brain,5x5,False,I_p0,I_p0_u0,I_p0_b0,0,test,train,train,train,train,2035,0,2035,1491
I_row0_col2_5x5,I,brain,5x5,False,I_p0,I_p0_u1,I_p0_b1,0,test,train,train,train,train,4070,0,2035,1491
I_row0_col3_10x10,I,brain,10x10,False,I_p0,I_p0_u0,I_p0_b0,0,test,train,train,train,train,3051,0,1017,745
I_row10_col2_10x10,I,brain,10x10,False,I_p0,I_p0_u14,I_p0_b14,4,train,train,train,val,test,2034,7450,1017,745
I_row10_col3_10x10,I,brain,10x10,False,I_p0,I_p0_u14,I_p0_b14,4,train,train,train,val,test,3051,7450,1017,745
I_row10_col4_10x10,I,brain,10x10,False,I_p0,I_p0_u15,I_p0_b15,4,train,train,train,val,test,4068,7450,1017,745
I_row10_col5_10x10,I,brain,10x10,False,I_p0,I_p0_u15,I_p0_b15,4,train,train,train,val,test,5085,7450,1017,745
I_row11_col3_10x10,I,brain,10x10,False,I_p0,I_p0_u14,I_p0_b14,4,train,train,train,val,test,3051,8195,1017,745
I_row11_col4_10x10,I,brain,10x10,False,I_p0,I_p0_u15,I_p0_b15,4,train,train,train,val,test,4068,8195,1017,745
I_row11_col5_10x10,I,brain,10x10,False,I_p0,I_p0_u15,I_p0_b15,4,train,train,train,val,test,5085,8195,1017,745
I_row12_col4_10x10,I,brain,10x10,False,I_p0,I_p0_u16,I_p0_b16,4,train,train,train,val,test,4068,8940,1017,745
I_row12_col5_10x10,I,brain,10x10,False,I_p0,I_p0_u16,I_p0_b16,4,train,train,train,val,test,5085,8940,1017,745
I_row1_col1_5x5_masked,I,brain,5x5,True,I_p0,I_p0_u2,I_p0_b2,0,test,train,train,train,train,2035,1491,2035,1491
I_row1_col2_5x5,I,brain,5x5,False,I_p0,I_p0_u3,I_p0_b3,0,test,train,train,train,train,4070,1491,2035,1491
I_row1_col3_10x10,I,brain,10x10,False,I_p0,I_p0_u0,I_p0_b0,0,test,train,train,train,train,3051,745,1017,745
I_row1_col4_10x10,I,brain,10x10,False,I_p0,I_p0_u1,I_p0_b1,0,test,train,train,train,train,4068,745,1017,745
I_row2_col1_5x5,I,brain,5x5,False,I_p0,I_p0_u5,I_p0_b5,1,val,test,train,train,train,2035,2982,2035,1491
I_row2_col2_10x10,I,brain,10x10,False,I_p0,I_p0_u2,I_p0_b2,0,test,train,train,train,train,2034,1490,1017,745
I_row2_col2_5x5,I,brain,5x5,False,I_p0,I_p0_u4,I_p0_b4,1,val,test,train,train,train,4070,2982,2035,1491
I_row2_col3_10x10,I,brain,10x10,False,I_p0,I_p0_u2,I_p0_b2,0,test,train,train,train,train,3051,1490,1017,745
I_row2_col4_10x10,I,brain,10x10,False,I_p0,I_p0_u3,I_p0_b3,0,test,train,train,train,train,4068,1490,1017,745
I_row3_col0_5x5,I,brain,5x5,False,I_p0,I_p0_u7,I_p0_b7,1,val,test,train,train,train,0,4473,2035,1491
I_row3_col1_5x5,I,brain,5x5,False,I_p0,I_p0_u8,I_p0_b8,2,train,val,test,train,train,2035,4473,2035,1491
I_row3_col2_5x5,I,brain,5x5,False,I_p0,I_p0_u9,I_p0_b9,2,train,val,test,train,train,4070,4473,2035,1491
I_row3_col3_10x10,I,brain,10x10,False,I_p0,I_p0_u2,I_p0_b2,0,test,train,train,train,train,3051,2235,1017,745
I_row3_col3_5x5,I,brain,5x5,False,I_p0,I_p0_u6,I_p0_b6,1,val,test,train,train,train,6105,4473,2035,1491
I_row3_col4_10x10,I,brain,10x10,False,I_p0,I_p0_u3,I_p0_b3,0,test,train,train,train,train,4068,2235,1017,745
I_row3_col5_10x10,I,brain,10x10,False,I_p0,I_p0_u3,I_p0_b3,0,test,train,train,train,train,5085,2235,1017,745
I_row4_col0_5x5,I,brain,5x5,False,I_p0,I_p0_u10,I_p0_b10,3,train,train,val,test,val,0,5964,2035,1491
I_row4_col1_5x5,I,brain,5x5,False,I_p0,I_p0_u11,I_p0_b11,3,train,train,val,test,val,2035,5964,2035,1491
I_row4_col2_10x10,I,brain,10x10,False,I_p0,I_p0_u5,I_p0_b5,1,val,test,train,train,train,2034,2980,1017,745
I_row4_col2_5x5,I,brain,5x5,False,I_p0,I_p0_u12,I_p0_b12,3,train,train,val,test,val,4070,5964,2035,1491
I_row4_col3_10x10,I,brain,10x10,False,I_p0,I_p0_u5,I_p0_b5,1,val,test,train,train,train,3051,2980,1017,745
I_row4_col3_5x5,I,brain,5x5,False,I_p0,I_p0_u13,I_p0_b13,4,train,train,train,val,test,6105,5964,2035,1491
I_row4_col4_10x10,I,brain,10x10,False,I_p0,I_p0_u4,I_p0_b4,1,val,test,train,train,train,4068,2980,1017,745
I_row4_col5_10x10,I,brain,10x10,False,I_p0,I_p0_u4,I_p0_b4,1,val,test,train,train,train,5085,2980,1017,745
I_row5_col1_5x5,I,brain,5x5,False,I_p0,I_p0_u14,I_p0_b14,4,train,train,train,val,test,2035,7455,2035,1491
I_row5_col2_10x10,I,brain,10x10,False,I_p0,I_p0_u5,I_p0_b5,1,val,test,train,train,train,2034,3725,1017,745
I_row5_col2_5x5,I,brain,5x5,False,I_p0,I_p0_u15,I_p0_b15,4,train,train,train,val,test,4070,7455,2035,1491
I_row5_col3_10x10,I,brain,10x10,False,I_p0,I_p0_u5,I_p0_b5,1,val,test,train,train,train,3051,3725,1017,745
I_row5_col4_10x10,I,brain,10x10,False,I_p0,I_p0_u4,I_p0_b4,1,val,test,train,train,train,4068,3725,1017,745
I_row6_col0_10x10,I,brain,10x10,False,I_p0,I_p0_u7,I_p0_b7,1,val,test,train,train,train,0,4470,1017,745
I_row6_col1_10x10,I,brain,10x10,False,I_p0,I_p0_u7,I_p0_b7,1,val,test,train,train,train,1017,4470,1017,745
I_row6_col2_10x10,I,brain,10x10,False,I_p0,I_p0_u8,I_p0_b8,2,train,val,test,train,train,2034,4470,1017,745
I_row6_col2_5x5,I,brain,5x5,False,I_p0,I_p0_u16,I_p0_b16,4,train,train,train,val,test,4070,8946,2035,1491
I_row6_col3_10x10,I,brain,10x10,False,I_p0,I_p0_u8,I_p0_b8,2,train,val,test,train,train,3051,4470,1017,745
I_row6_col4_10x10,I,brain,10x10,False,I_p0,I_p0_u9,I_p0_b9,2,train,val,test,train,train,4068,4470,1017,745
I_row6_col5_10x10,I,brain,10x10,False,I_p0,I_p0_u9,I_p0_b9,2,train,val,test,train,train,5085,4470,1017,745
I_row6_col6_10x10,I,brain,10x10,False,I_p0,I_p0_u6,I_p0_b6,1,val,test,train,train,train,6102,4470,1017,745
I_row7_col0_10x10,I,brain,10x10,False,I_p0,I_p0_u7,I_p0_b7,1,val,test,train,train,train,0,5215,1017,745
I_row7_col1_10x10,I,brain,10x10,False,I_p0,I_p0_u7,I_p0_b7,1,val,test,train,train,train,1017,5215,1017,745
I_row7_col2_10x10,I,brain,10x10,False,I_p0,I_p0_u8,I_p0_b8,2,train,val,test,train,train,2034,5215,1017,745
I_row7_col3_10x10,I,brain,10x10,False,I_p0,I_p0_u8,I_p0_b8,2,train,val,test,train,train,3051,5215,1017,745
I_row7_col4_10x10,I,brain,10x10,False,I_p0,I_p0_u9,I_p0_b9,2,train,val,test,train,train,4068,5215,1017,745
I_row7_col5_10x10,I,brain,10x10,False,I_p0,I_p0_u9,I_p0_b9,2,train,val,test,train,train,5085,5215,1017,745
I_row8_col0_10x10,I,brain,10x10,False,I_p0,I_p0_u10,I_p0_b10,3,train,train,val,test,val,0,5960,1017,745
I_row8_col1_10x10,I,brain,10x10,False,I_p0,I_p0_u10,I_p0_b10,3,train,train,val,test,val,1017,5960,1017,745
I_row8_col2_10x10,I,brain,10x10,False,I_p0,I_p0_u11,I_p0_b11,3,train,train,val,test,val,2034,5960,1017,745
I_row8_col3_10x10,I,brain,10x10,False,I_p0,I_p0_u11,I_p0_b11,3,train,train,val,test,val,3051,5960,1017,745
I_row8_col4_10x10,I,brain,10x10,False,I_p0,I_p0_u12,I_p0_b12,3,train,train,val,test,val,4068,5960,1017,745
I_row8_col5_10x10,I,brain,10x10,False,I_p0,I_p0_u12,I_p0_b12,3,train,train,val,test,val,5085,5960,1017,745
I_row8_col6_10x10,I,brain,10x10,False,I_p0,I_p0_u13,I_p0_b13,4,train,train,train,val,test,6102,5960,1017,745
I_row9_col1_10x10,I,brain,10x10,False,I_p0,I_p0_u10,I_p0_b10,3,train,train,val,test,val,1017,6705,1017,745
I_row9_col2_10x10,I,brain,10x10,False,I_p0,I_p0_u11,I_p0_b11,3,train,train,val,test,val,2034,6705,1017,745
I_row9_col3_10x10,I,brain,10x10,False,I_p0,I_p0_u11,I_p0_b11,3,train,train,val,test,val,3051,6705,1017,745
I_row9_col4_10x10,I,brain,10x10,False,I_p0,I_p0_u12,I_p0_b12,3,train,train,val,test,val,4068,6705,1017,745
I_row9_col5_10x10,I,brain,10x10,False,I_p0,I_p0_u12,I_p0_b12,3,train,train,val,test,val,5085,6705,1017,745
I_row9_col6_10x10_masked,I,brain,10x10,True,I_p0,I_p0_u13,I_p0_b13,4,train,train,train,val,test,6102,6705,1017,745
J_row0_col10_10x10,J,heart,10x10,False,J_p0,J_p0_u0,J_p0_b0,0,test,train,train,train,train,7000,0,700,860
J_row0_col11_10x10,J,heart,10x10,False,J_p0,J_p0_u0,J_p0_b0,0,test,train,train,train,train,7700,0,700,860
J_row0_col2_5x5,J,heart,5x5,False,J_p0,J_p0_u2,J_p0_b2,1,val,test,train,train,train,2800,0,1400,1720
J_row0_col3_5x5,J,heart,5x5,False,J_p0,J_p0_u3,J_p0_b3,1,val,test,train,train,train,4200,0,1400,1720
J_row0_col4_5x5,J,heart,5x5,False,J_p0,J_p0_u1,J_p0_b1,0,test,train,train,train,train,5600,0,1400,1720
J_row0_col5_10x10,J,heart,10x10,False,J_p0,J_p0_u2,J_p0_b2,1,val,test,train,train,train,3500,0,700,860
J_row0_col5_5x5,J,heart,5x5,False,J_p0,J_p0_u0,J_p0_b0,0,test,train,train,train,train,7000,0,1400,1720
J_row0_col8_10x10,J,heart,10x10,False,J_p0,J_p0_u1,J_p0_b1,0,test,train,train,train,train,5600,0,700,860
J_row0_col9_10x10,J,heart,10x10,False,J_p0,J_p0_u1,J_p0_b1,0,test,train,train,train,train,6300,0,700,860
J_row1_col10_10x10,J,heart,10x10,False,J_p0,J_p0_u0,J_p0_b0,0,test,train,train,train,train,7000,860,700,860
J_row1_col11_10x10,J,heart,10x10,False,J_p0,J_p0_u0,J_p0_b0,0,test,train,train,train,train,7700,860,700,860
J_row1_col2_5x5_masked,J,heart,5x5,True,J_p0,J_p0_u4,J_p0_b4,1,val,test,train,train,train,2800,1720,1400,1720
J_row1_col3_5x5,J,heart,5x5,False,J_p0,J_p0_u5,J_p0_b5,1,val,test,train,train,train,4200,1720,1400,1720
J_row1_col4_10x10,J,heart,10x10,False,J_p0,J_p0_u2,J_p0_b2,1,val,test,train,train,train,2800,860,700,860
J_row1_col4_5x5,J,heart,5x5,False,J_p0,J_p0_u6,J_p0_b6,2,train,val,test,train,train,5600,1720,1400,1720
J_row1_col5_10x10,J,heart,10x10,False,J_p0,J_p0_u2,J_p0_b2,1,val,test,train,train,train,3500,860,700,860
J_row1_col5_5x5,J,heart,5x5,False,J_p0,J_p0_u7,J_p0_b7,2,train,val,test,train,train,7000,1720,1400,1720
J_row1_col6_10x10,J,heart,10x10,False,J_p0,J_p0_u3,J_p0_b3,1,val,test,train,train,train,4200,860,700,860
J_row1_col7_10x10,J,heart,10x10,False,J_p0,J_p0_u3,J_p0_b3,1,val,test,train,train,train,4900,860,700,860
J_row1_col8_10x10,J,heart,10x10,False,J_p0,J_p0_u1,J_p0_b1,0,test,train,train,train,train,5600,860,700,860
J_row1_col9_10x10,J,heart,10x10,False,J_p0,J_p0_u1,J_p0_b1,0,test,train,train,train,train,6300,860,700,860
J_row2_col10_10x10,J,heart,10x10,False,J_p0,J_p0_u7,J_p0_b7,2,train,val,test,train,train,7000,1720,700,860
J_row2_col11_10x10,J,heart,10x10,False,J_p0,J_p0_u7,J_p0_b7,2,train,val,test,train,train,7700,1720,700,860
J_row2_col4_10x10_masked,J,heart,10x10,True,J_p0,J_p0_u4,J_p0_b4,1,val,test,train,train,train,2800,1720,700,860
J_row2_col4_5x5,J,heart,5x5,False,J_p0,J_p0_u10,J_p0_b10,3,train,train,val,test,val,5600,3440,1400,1720
J_row2_col5_10x10_masked,J,heart,10x10,True,J_p0,J_p0_u4,J_p0_b4,1,val,test,train,train,train,3500,1720,700,860
J_row2_col5_5x5,J,heart,5x5,False,J_p0,J_p0_u11,J_p0_b11,3,train,train,val,test,val,7000,3440,1400,1720
J_row2_col6_10x10,J,heart,10x10,False,J_p0,J_p0_u5,J_p0_b5,1,val,test,train,train,train,4200,1720,700,860
J_row2_col7_10x10,J,heart,10x10,False,J_p0,J_p0_u5,J_p0_b5,1,val,test,train,train,train,4900,1720,700,860
J_row2_col8_10x10,J,heart,10x10,False,J_p0,J_p0_u6,J_p0_b6,2,train,val,test,train,train,5600,1720,700,860
J_row2_col9_10x10,J,heart,10x10,False,J_p0,J_p0_u6,J_p0_b6,2,train,val,test,train,train,6300,1720,700,860
J_row3_col10_10x10,J,heart,10x10,False,J_p0,J_p0_u7,J_p0_b7,2,train,val,test,train,train,7000,2580,700,860
J_row3_col11_10x10,J,heart,10x10,False,J_p0,J_p0_u7,J_p0_b7,2,train,val,test,train,train,7700,2580,700,860
J_row3_col4_5x5,J,heart,5x5,False,J_p0,J_p0_u14,J_p0_b14,4,train,train,train,val,test,5600,5160,1400,1720
J_row3_col5_10x10_masked,J,heart,10x10,True,J_p0,J_p0_u4,J_p0_b4,1,val,test,train,train,train,3500,2580,700,860
J_row3_col5_5x5,J,heart,5x5,False,J_p0,J_p0_u13,J_p0_b13,4,train,train,train,val,test,7000,5160,1400,1720
J_row3_col6_10x10,J,heart,10x10,False,J_p0,J_p0_u5,J_p0_b5,1,val,test,train,train,train,4200,2580,700,860
J_row3_col7_10x10,J,heart,10x10,False,J_p0,J_p0_u5,J_p0_b5,1,val,test,train,train,train,4900,2580,700,860
J_row3_col8_10x10,J,heart,10x10,False,J_p0,J_p0_u6,J_p0_b6,2,train,val,test,train,train,5600,2580,700,860
J_row3_col9_10x10,J,heart,10x10,False,J_p0,J_p0_u6,J_p0_b6,2,train,val,test,train,train,6300,2580,700,860
J_row4_col10_10x10,J,heart,10x10,False,J_p0,J_p0_u11,J_p0_b11,3,train,train,val,test,val,7000,3440,700,860
J_row4_col11_10x10,J,heart,10x10,False,J_p0,J_p0_u11,J_p0_b11,3,train,train,val,test,val,7700,3440,700,860
J_row4_col6_10x10,J,heart,10x10,False,J_p0,J_p0_u8,J_p0_b8,3,train,train,val,test,val,4200,3440,700,860
J_row4_col7_10x10,J,heart,10x10,False,J_p0,J_p0_u9,J_p0_b9,3,train,train,val,test,val,4900,3440,700,860
J_row4_col8_10x10,J,heart,10x10,False,J_p0,J_p0_u10,J_p0_b10,3,train,train,val,test,val,5600,3440,700,860
J_row4_col9_10x10,J,heart,10x10,False,J_p0,J_p0_u10,J_p0_b10,3,train,train,val,test,val,6300,3440,700,860
J_row5_col10_10x10,J,heart,10x10,False,J_p0,J_p0_u11,J_p0_b11,3,train,train,val,test,val,7000,4300,700,860
J_row5_col11_10x10,J,heart,10x10,False,J_p0,J_p0_u11,J_p0_b11,3,train,train,val,test,val,7700,4300,700,860
J_row5_col7_10x10,J,heart,10x10,False,J_p0,J_p0_u12,J_p0_b12,4,train,train,train,val,test,4900,4300,700,860
J_row5_col9_10x10,J,heart,10x10,False,J_p0,J_p0_u10,J_p0_b10,3,train,train,val,test,val,6300,4300,700,860
J_row6_col10_10x10,J,heart,10x10,False,J_p0,J_p0_u13,J_p0_b13,4,train,train,train,val,test,7000,5160,700,860
J_row6_col11_10x10,J,heart,10x10,False,J_p0,J_p0_u13,J_p0_b13,4,train,train,train,val,test,7700,5160,700,860
J_row6_col9_10x10,J,heart,10x10,False,J_p0,J_p0_u14,J_p0_b14,4,train,train,train,val,test,6300,5160,700,860
J_row7_col10_10x10,J,heart,10x10,False,J_p0,J_p0_u13,J_p0_b13,4,train,train,train,val,test,7000,6020,700,860
J_row7_col11_10x10,J,heart,10x10,False,J_p0,J_p0_u13,J_p0_b13,4,train,train,train,val,test,7700,6020,700,860
J_row7_col6_10x10,J,heart,10x10,False,J_p0,J_p0_u15,J_p0_b15,4,train,train,train,val,test,4200,6020,700,860
J_row7_col7_10x10,J,heart,10x10,False,J_p0,J_p0_u16,J_p0_b16,4,train,train,train,val,test,4900,6020,700,860
J_row7_col8_10x10,J,heart,10x10,False,J_p0,J_p0_u14,J_p0_b14,4,train,train,train,val,test,5600,6020,700,860
J_row7_col9_10x10,J,heart,10x10,False,J_p0,J_p0_u14,J_p0_b14,4,train,train,train,val,test,6300,6020,700,860
K_row0_col0_5x5,K,heart,5x5,False,K_p0,K_p0_u0,K_p0_b0,0,test,train,train,train,train,0,0,2089,1869
K_row0_col1_5x5,K,heart,5x5,False,K_p0,K_p0_u2,K_p0_b2,0,test,train,train,train,train,2089,0,2089,1869
K_row0_col2_5x5,K,heart,5x5,False,K_p0,K_p0_u1,K_p0_b1,0,test,train,train,train,train,4178,0,2089,1869
K_row10_col7_10x10_masked,K,heart,10x10,True,K_p0,K_p0_u15,K_p0_b15,4,train,train,train,val,test,7308,9340,1044,934
K_row1_col0_5x5,K,heart,5x5,False,K_p0,K_p0_u6,K_p0_b6,2,train,val,test,train,train,0,1869,2089,1869
K_row1_col1_10x10,K,heart,10x10,False,K_p0,K_p0_u0,K_p0_b0,0,test,train,train,train,train,1044,934,1044,934
K_row1_col1_5x5,K,heart,5x5,False,K_p0,K_p0_u3,K_p0_b3,0,test,train,train,train,train,2089,1869,2089,1869
K_row1_col2_10x10,K,heart,10x10,False,K_p0,K_p0_u2,K_p0_b2,0,test,train,train,train,train,2088,934,1044,934
K_row1_col2_5x5,K,heart,5x5,False,K_p0,K_p0_u4,K_p0_b4,1,val,test,train,train,train,4178,1869,2089,1869
K_row1_col3_10x10,K,heart,10x10,False,K_p0,K_p0_u2,K_p0_b2,0,test,train,train,train,train,3132,934,1044,934
K_row1_col3_5x5,K,heart,5x5,False,K_p0,K_p0_u5,K_p0_b5,1,val,test,train,train,train,6267,1869,2089,1869
K_row1_col4_10x10,K,heart,10x10,False,K_p0,K_p0_u1,K_p0_b1,0,test,train,train,train,train,4176,934,1044,934
K_row2_col0_5x5_masked,K,heart,5x5,True,K_p0,K_p0_u7,K_p0_b7,2,train,val,test,train,train,0,3738,2089,1869
K_row2_col1_10x10,K,heart,10x10,False,K_p0,K_p0_u6,K_p0_b6,2,train,val,test,train,train,1044,1868,1044,934
K_row2_col1_5x5_masked,K,heart,5x5,True,K_p0,K_p0_u8,K_p0_b8,2,train,val,test,train,train,2089,3738,2089,1869
K_row2_col2_10x10,K,heart,10x10,False,K_p0,K_p0_u3,K_p0_b3,0,test,train,train,train,train,2088,1868,1044,934
K_row2_col2_5x5,K,heart,5x5,False,K_p0,K_p0_u9,K_p0_b9,3,train,train,val,test,val,4178,3738,2089,1869
K_row2_col3_10x10,K,heart,10x10,False,K_p0,K_p0_u3,K_p0_b3,0,test,train,train,train,train,3132,1868,1044,934
K_row2_col3_5x5_masked,K,heart,5x5,True,K_p0,K_p0_u10,K_p0_b10,3,train,train,val,test,val,6267,3738,2089,1869
K_row2_col4_10x10,K,heart,10x10,False,K_p0,K_p0_u4,K_p0_b4,1,val,test,train,train,train,4176,1868,1044,934
K_row2_col5_10x10,K,heart,10x10,False,K_p0,K_p0_u4,K_p0_b4,1,val,test,train,train,train,5220,1868,1044,934
K_row2_col6_10x10,K,heart,10x10,False,K_p0,K_p0_u5,K_p0_b5,1,val,test,train,train,train,6264,1868,1044,934
K_row3_col0_10x10,K,heart,10x10,False,K_p0,K_p0_u6,K_p0_b6,2,train,val,test,train,train,0,2802,1044,934
K_row3_col1_10x10,K,heart,10x10,False,K_p0,K_p0_u6,K_p0_b6,2,train,val,test,train,train,1044,2802,1044,934
K_row3_col1_5x5_masked,K,heart,5x5,True,K_p0,K_p0_u13,K_p0_b13,4,train,train,train,val,test,2089,5607,2089,1869
K_row3_col2_10x10,K,heart,10x10,False,K_p0,K_p0_u3,K_p0_b3,0,test,train,train,train,train,2088,2802,1044,934
K_row3_col2_5x5,K,heart,5x5,False,K_p0,K_p0_u14,K_p0_b14,4,train,train,train,val,test,4178,5607,2089,1869
K_row3_col3_10x10,K,heart,10x10,False,K_p0,K_p0_u3,K_p0_b3,0,test,train,train,train,train,3132,2802,1044,934
K_row3_col4_10x10,K,heart,10x10,False,K_p0,K_p0_u4,K_p0_b4,1,val,test,train,train,train,4176,2802,1044,934
K_row3_col5_10x10,K,heart,10x10,False,K_p0,K_p0_u4,K_p0_b4,1,val,test,train,train,train,5220,2802,1044,934
K_row3_col6_10x10,K,heart,10x10,False,K_p0,K_p0_u5,K_p0_b5,1,val,test,train,train,train,6264,2802,1044,934
K_row4_col0_10x10_masked,K,heart,10x10,True,K_p0,K_p0_u7,K_p0_b7,2,train,val,test,train,train,0,3736,1044,934
K_row4_col1_10x10,K,heart,10x10,False,K_p0,K_p0_u7,K_p0_b7,2,train,val,test,train,train,1044,3736,1044,934
K_row4_col2_10x10,K,heart,10x10,False,K_p0,K_p0_u8,K_p0_b8,2,train,val,test,train,train,2088,3736,1044,934
K_row4_col3_10x10,K,heart,10x10,False,K_p0,K_p0_u8,K_p0_b8,2,train,val,test,train,train,3132,3736,1044,934
K_row4_col4_10x10,K,heart,10x10,False,K_p0,K_p0_u9,K_p0_b9,3,train,train,val,test,val,4176,3736,1044,934
K_row4_col5_10x10,K,heart,10x10,False,K_p0,K_p0_u9,K_p0_b9,3,train,train,val,test,val,5220,3736,1044,934
K_row4_col6_10x10,K,heart,10x10,False,K_p0,K_p0_u10,K_p0_b10,3,train,train,val,test,val,6264,3736,1044,934
K_row4_col7_10x10_masked,K,heart,10x10,True,K_p0,K_p0_u10,K_p0_b10,3,train,train,val,test,val,7308,3736,1044,934
K_row5_col1_10x10_masked,K,heart,10x10,True,K_p0,K_p0_u7,K_p0_b7,2,train,val,test,train,train,1044,4670,1044,934
K_row5_col2_10x10_masked,K,heart,10x10,True,K_p0,K_p0_u8,K_p0_b8,2,train,val,test,train,train,2088,4670,1044,934
K_row5_col5_10x10,K,heart,10x10,False,K_p0,K_p0_u9,K_p0_b9,3,train,train,val,test,val,5220,4670,1044,934
K_row5_col6_10x10,K,heart,10x10,False,K_p0,K_p0_u10,K_p0_b10,3,train,train,val,test,val,6264,4670,1044,934
K_row5_col7_10x10_masked,K,heart,10x10,True,K_p0,K_p0_u10,K_p0_b10,3,train,train,val,test,val,7308,4670,1044,934
K_row6_col2_10x10_masked,K,heart,10x10,True,K_p0,K_p0_u13,K_p0_b13,4,train,train,train,val,test,2088,5604,1044,934
K_row6_col3_10x10_masked,K,heart,10x10,True,K_p0,K_p0_u13,K_p0_b13,4,train,train,train,val,test,3132,5604,1044,934
K_row6_col4_10x10,K,heart,10x10,False,K_p0,K_p0_u14,K_p0_b14,4,train,train,train,val,test,4176,5604,1044,934
K_row6_col5_10x10,K,heart,10x10,False,K_p0,K_p0_u14,K_p0_b14,4,train,train,train,val,test,5220,5604,1044,934
K_row6_col6_10x10,K,heart,10x10,False,K_p0,K_p0_u11,K_p0_b11,3,train,train,val,test,val,6264,5604,1044,934
K_row6_col7_10x10_masked,K,heart,10x10,True,K_p0,K_p0_u12,K_p0_b12,4,train,train,train,val,test,7308,5604,1044,934
K_row7_col3_10x10_masked,K,heart,10x10,True,K_p0,K_p0_u13,K_p0_b13,4,train,train,train,val,test,3132,6538,1044,934
K_row7_col4_10x10_masked,K,heart,10x10,True,K_p0,K_p0_u14,K_p0_b14,4,train,train,train,val,test,4176,6538,1044,934
K_row7_col5_10x10,K,heart,10x10,False,K_p0,K_p0_u14,K_p0_b14,4,train,train,train,val,test,5220,6538,1044,934
Z_row1_col1_5x5_masked,D,brain,5x5,True,D_p1,D_p1_u0,D_p1_b0,0,test,train,train,train,train,2200,2180,2200,2180
Z_row1_col2_10x10,D,brain,10x10,False,D_p1,D_p1_u1,D_p1_b1,1,val,test,train,train,train,2200,1090,1100,1090
Z_row1_col3_10x10,D,brain,10x10,False,D_p1,D_p1_u1,D_p1_b1,1,val,test,train,train,train,3300,1090,1100,1090
Z_row1_col3_5x5_masked,D,brain,5x5,True,D_p1,D_p1_u7,D_p1_b7,4,train,train,train,val,test,6600,2180,2200,2180
Z_row1_col4_10x10,D,brain,10x10,False,D_p1,D_p1_u3,D_p1_b3,1,val,test,train,train,train,4400,1090,1100,1090
Z_row2_col1_5x5_masked,D,brain,5x5,True,D_p1,D_p1_u2,D_p1_b2,1,val,test,train,train,train,2200,4360,2200,2180
Z_row2_col2_10x10,D,brain,10x10,False,D_p1,D_p1_u0,D_p1_b0,0,test,train,train,train,train,2200,2180,1100,1090
Z_row2_col3_10x10,D,brain,10x10,False,D_p1,D_p1_u0,D_p1_b0,0,test,train,train,train,train,3300,2180,1100,1090
Z_row2_col3_5x5_masked,D,brain,5x5,True,D_p1,D_p1_u6,D_p1_b6,4,train,train,train,val,test,6600,4360,2200,2180
Z_row2_col4_10x10,D,brain,10x10,False,D_p1,D_p1_u4,D_p1_b4,2,train,val,test,train,train,4400,2180,1100,1090
Z_row2_col5_10x10,D,brain,10x10,False,D_p1,D_p1_u4,D_p1_b4,2,train,val,test,train,train,5500,2180,1100,1090
Z_row2_col6_10x10,D,brain,10x10,False,D_p1,D_p1_u7,D_p1_b7,4,train,train,train,val,test,6600,2180,1100,1090
Z_row3_col2_10x10_masked,D,brain,10x10,True,D_p1,D_p1_u0,D_p1_b0,0,test,train,train,train,train,2200,3270,1100,1090
Z_row3_col3_10x10_masked,D,brain,10x10,True,D_p1,D_p1_u0,D_p1_b0,0,test,train,train,train,train,3300,3270,1100,1090
Z_row3_col4_10x10,D,brain,10x10,False,D_p1,D_p1_u4,D_p1_b4,2,train,val,test,train,train,4400,3270,1100,1090
Z_row3_col5_10x10,D,brain,10x10,False,D_p1,D_p1_u4,D_p1_b4,2,train,val,test,train,train,5500,3270,1100,1090
Z_row3_col6_10x10,D,brain,10x10,False,D_p1,D_p1_u7,D_p1_b7,4,train,train,train,val,test,6600,3270,1100,1090
Z_row3_col7_10x10_masked,D,brain,10x10,True,D_p1,D_p1_u7,D_p1_b7,4,train,train,train,val,test,7700,3270,1100,1090
Z_row4_col2_10x10_masked,D,brain,10x10,True,D_p1,D_p1_u2,D_p1_b2,1,val,test,train,train,train,2200,4360,1100,1090
Z_row4_col3_10x10_masked,D,brain,10x10,True,D_p1,D_p1_u2,D_p1_b2,1,val,test,train,train,train,3300,4360,1100,1090
Z_row4_col4_10x10,D,brain,10x10,False,D_p1,D_p1_u5,D_p1_b5,3,train,train,val,test,val,4400,4360,1100,1090
Z_row4_col5_10x10,D,brain,10x10,False,D_p1,D_p1_u5,D_p1_b5,3,train,train,val,test,val,5500,4360,1100,1090
Z_row4_col6_10x10,D,brain,10x10,False,D_p1,D_p1_u6,D_p1_b6,4,train,train,train,val,test,6600,4360,1100,1090
Z_row5_col4_10x10_masked,D,brain,10x10,True,D_p1,D_p1_u5,D_p1_b5,3,train,train,val,test,val,4400,5450,1100,1090
Z_row5_col5_10x10,D,brain,10x10,False,D_p1,D_p1_u5,D_p1_b5,3,train,train,val,test,val,5500,5450,1100,1090
Z_row5_col6_10x10,D,brain,10x10,False,D_p1,D_p1_u6,D_p1_b6,4,train,train,train,val,test,6600,5450,1100,1090
Zpart1_row0_col1_5x5,D,brain,5x5,False,D_p1,D_p1_u1,D_p1_b1,1,val,test,train,train,train,2200,0,2200,2180
Zpart1_row1_col2_5x5,D,brain,5x5,False,D_p1,D_p1_u4,D_p1_b4,2,train,val,test,train,train,4400,2180,2200,2180
Zpart1_row2_col2_5x5,D,brain,5x5,False,D_p1,D_p1_u5,D_p1_b5,3,train,train,val,test,val,4400,4360,2200,2180
